-- phpMyAdmin SQL Dump
-- version 5.0.4
-- https://www.phpmyadmin.net/
--
-- Host: 127.0.0.1
-- Generation Time: Jun 29, 2022 at 02:08 PM
-- Server version: 10.4.17-MariaDB
-- PHP Version: 7.4.13

SET SQL_MODE = "NO_AUTO_VALUE_ON_ZERO";
START TRANSACTION;
SET time_zone = "+00:00";


/*!40101 SET @OLD_CHARACTER_SET_CLIENT=@@CHARACTER_SET_CLIENT */;
/*!40101 SET @OLD_CHARACTER_SET_RESULTS=@@CHARACTER_SET_RESULTS */;
/*!40101 SET @OLD_COLLATION_CONNECTION=@@COLLATION_CONNECTION */;
/*!40101 SET NAMES utf8mb4 */;

--
-- Database: `tailor`
--

-- --------------------------------------------------------

--
-- Table structure for table `bahan`
--

CREATE TABLE `bahan` (
  `id_bahan` bigint(20) NOT NULL,
  `nama_bahan` varchar(2000) NOT NULL,
  `ukuran` varchar(2000) NOT NULL,
  `harga_tambah` int(255) NOT NULL
) ENGINE=InnoDB DEFAULT CHARSET=utf8mb4;

--
-- Dumping data for table `bahan`
--

INSERT INTO `bahan` (`id_bahan`, `nama_bahan`, `ukuran`, `harga_tambah`) VALUES
(1, 'drill', 'M', 10000),
(2, 'drill', 'L', 12000),
(4, 'drill', 'XL', 20000),
(5, 'american drill', 'XL', 15000),
(6, 'american drill', 'M', 7000),
(7, 'american drill', 'L', 10000);

-- --------------------------------------------------------

--
-- Table structure for table `berita`
--

CREATE TABLE `berita` (
  `id_berita` bigint(20) UNSIGNED NOT NULL,
  `judul` varchar(255) COLLATE utf8mb4_unicode_ci NOT NULL,
  `isi` varchar(255) COLLATE utf8mb4_unicode_ci NOT NULL,
  `detail` varchar(255) COLLATE utf8mb4_unicode_ci NOT NULL,
  `gambar_berita` varchar(255) COLLATE utf8mb4_unicode_ci NOT NULL
) ENGINE=InnoDB DEFAULT CHARSET=utf8mb4 COLLATE=utf8mb4_unicode_ci;

--
-- Dumping data for table `berita`
--

INSERT INTO `berita` (`id_berita`, `judul`, `isi`, `detail`, `gambar_berita`) VALUES
(2, 'Tunggu Santai Dari Rumah', 'Percayakan pada San Tailor. Sistem bekerja, sekolah, dan beraktivitas telah dibatasi oleh Pemerintah.', 'Percayakan pada San Tailor. Sistem bekerja, sekolah, dan beraktivitas telah dibatasi oleh Pemerintah. Hal ini membutuhkan kerjasama anda juga demi memutus penyebaran wabah Virus Covid-19.', '20220624124218.jpg'),
(3, '#DirumahAja', 'Kami yang akan menjahit pakaian Anda. Sistem bekerja, sekolah, dan beraktivitas telah dibatasi oleh Pemerintah.', 'Kami yang akan menjahit pakaian Anda. Sistem bekerja, sekolah, dan beraktivitas telah dibatasi oleh Pemerintah. Hal ini membutuhkan kerjasama anda juga demi memutus penyebaran wabah Virus Covid-19.', '20220624124258.jpg'),
(5, 'Jahit', 'Cepat, Mudah, Aman.  San Tailor sekarang hadir dengan pilihan Metode Pengiriman.', 'Cepat, Mudah, Aman.  San Tailor sekarang hadir dengan pilihan Metode Pengiriman.  Metode ini kami hadirkan untuk mempermudah proses pengiriman pesanan anda. Pengiriman bisa dilakukan dengan cara diambil oleh pelanggan atau dikirimkan', '20220624124639.jpg'),
(6, 'Bayar Dulu, Bebas Khawatir Kemudian', 'Bayar Pesanan setelah checkout. Kemudian kami akan segera memproses pesanan anda.', 'Bayar Pesanan setelah Checkout. Kemudian kami akan segera memproses pesanan anda. Pantau terus riwayat pesanan untuk melihat status pesanan dan perkiraan selesai jahitan', '20220624125640.jpg');

-- --------------------------------------------------------

--
-- Table structure for table `cities`
--

CREATE TABLE `cities` (
  `id` bigint(20) UNSIGNED NOT NULL,
  `province_id` int(10) UNSIGNED NOT NULL,
  `city_id` int(10) UNSIGNED NOT NULL,
  `name` varchar(255) COLLATE utf8mb4_unicode_ci NOT NULL,
  `created_at` timestamp NULL DEFAULT NULL,
  `updated_at` timestamp NULL DEFAULT NULL
) ENGINE=InnoDB DEFAULT CHARSET=utf8mb4 COLLATE=utf8mb4_unicode_ci;

--
-- Dumping data for table `cities`
--

INSERT INTO `cities` (`id`, `province_id`, `city_id`, `name`, `created_at`, `updated_at`) VALUES
(1, 1, 17, 'Badung', '2022-06-12 00:35:13', '2022-06-12 00:35:13'),
(2, 1, 32, 'Bangli', '2022-06-12 00:35:13', '2022-06-12 00:35:13'),
(3, 1, 94, 'Buleleng', '2022-06-12 00:35:13', '2022-06-12 00:35:13'),
(4, 1, 114, 'Denpasar', '2022-06-12 00:35:14', '2022-06-12 00:35:14'),
(5, 1, 128, 'Gianyar', '2022-06-12 00:35:14', '2022-06-12 00:35:14'),
(6, 1, 161, 'Jembrana', '2022-06-12 00:35:14', '2022-06-12 00:35:14'),
(7, 1, 170, 'Karangasem', '2022-06-12 00:35:14', '2022-06-12 00:35:14'),
(8, 1, 197, 'Klungkung', '2022-06-12 00:35:14', '2022-06-12 00:35:14'),
(9, 1, 447, 'Tabanan', '2022-06-12 00:35:14', '2022-06-12 00:35:14'),
(10, 2, 27, 'Bangka', '2022-06-12 00:35:15', '2022-06-12 00:35:15'),
(11, 2, 28, 'Bangka Barat', '2022-06-12 00:35:15', '2022-06-12 00:35:15'),
(12, 2, 29, 'Bangka Selatan', '2022-06-12 00:35:16', '2022-06-12 00:35:16'),
(13, 2, 30, 'Bangka Tengah', '2022-06-12 00:35:16', '2022-06-12 00:35:16'),
(14, 2, 56, 'Belitung', '2022-06-12 00:35:16', '2022-06-12 00:35:16'),
(15, 2, 57, 'Belitung Timur', '2022-06-12 00:35:16', '2022-06-12 00:35:16'),
(16, 2, 334, 'Pangkal Pinang', '2022-06-12 00:35:16', '2022-06-12 00:35:16'),
(17, 3, 106, 'Cilegon', '2022-06-12 00:35:17', '2022-06-12 00:35:17'),
(18, 3, 232, 'Lebak', '2022-06-12 00:35:17', '2022-06-12 00:35:17'),
(19, 3, 331, 'Pandeglang', '2022-06-12 00:35:17', '2022-06-12 00:35:17'),
(20, 3, 402, 'Serang', '2022-06-12 00:35:17', '2022-06-12 00:35:17'),
(21, 3, 403, 'Serang', '2022-06-12 00:35:17', '2022-06-12 00:35:17'),
(22, 3, 455, 'Tangerang', '2022-06-12 00:35:17', '2022-06-12 00:35:17'),
(23, 3, 456, 'Tangerang', '2022-06-12 00:35:17', '2022-06-12 00:35:17'),
(24, 3, 457, 'Tangerang Selatan', '2022-06-12 00:35:18', '2022-06-12 00:35:18'),
(25, 4, 62, 'Bengkulu', '2022-06-12 00:35:19', '2022-06-12 00:35:19'),
(26, 4, 63, 'Bengkulu Selatan', '2022-06-12 00:35:19', '2022-06-12 00:35:19'),
(27, 4, 64, 'Bengkulu Tengah', '2022-06-12 00:35:19', '2022-06-12 00:35:19'),
(28, 4, 65, 'Bengkulu Utara', '2022-06-12 00:35:19', '2022-06-12 00:35:19'),
(29, 4, 175, 'Kaur', '2022-06-12 00:35:19', '2022-06-12 00:35:19'),
(30, 4, 183, 'Kepahiang', '2022-06-12 00:35:19', '2022-06-12 00:35:19'),
(31, 4, 233, 'Lebong', '2022-06-12 00:35:19', '2022-06-12 00:35:19'),
(32, 4, 294, 'Muko Muko', '2022-06-12 00:35:19', '2022-06-12 00:35:19'),
(33, 4, 379, 'Rejang Lebong', '2022-06-12 00:35:19', '2022-06-12 00:35:19'),
(34, 4, 397, 'Seluma', '2022-06-12 00:35:19', '2022-06-12 00:35:19'),
(35, 5, 39, 'Bantul', '2022-06-12 00:35:22', '2022-06-12 00:35:22'),
(36, 5, 135, 'Gunung Kidul', '2022-06-12 00:35:22', '2022-06-12 00:35:22'),
(37, 5, 210, 'Kulon Progo', '2022-06-12 00:35:22', '2022-06-12 00:35:22'),
(38, 5, 419, 'Sleman', '2022-06-12 00:35:22', '2022-06-12 00:35:22'),
(39, 5, 501, 'Yogyakarta', '2022-06-12 00:35:22', '2022-06-12 00:35:22'),
(40, 6, 151, 'Jakarta Barat', '2022-06-12 00:35:24', '2022-06-12 00:35:24'),
(41, 6, 152, 'Jakarta Pusat', '2022-06-12 00:35:24', '2022-06-12 00:35:24'),
(42, 6, 153, 'Jakarta Selatan', '2022-06-12 00:35:24', '2022-06-12 00:35:24'),
(43, 6, 154, 'Jakarta Timur', '2022-06-12 00:35:24', '2022-06-12 00:35:24'),
(44, 6, 155, 'Jakarta Utara', '2022-06-12 00:35:24', '2022-06-12 00:35:24'),
(45, 6, 189, 'Kepulauan Seribu', '2022-06-12 00:35:24', '2022-06-12 00:35:24'),
(46, 7, 77, 'Boalemo', '2022-06-12 00:35:26', '2022-06-12 00:35:26'),
(47, 7, 88, 'Bone Bolango', '2022-06-12 00:35:26', '2022-06-12 00:35:26'),
(48, 7, 129, 'Gorontalo', '2022-06-12 00:35:27', '2022-06-12 00:35:27'),
(49, 7, 130, 'Gorontalo', '2022-06-12 00:35:27', '2022-06-12 00:35:27'),
(50, 7, 131, 'Gorontalo Utara', '2022-06-12 00:35:27', '2022-06-12 00:35:27'),
(51, 7, 361, 'Pohuwato', '2022-06-12 00:35:27', '2022-06-12 00:35:27'),
(52, 8, 50, 'Batang Hari', '2022-06-12 00:35:28', '2022-06-12 00:35:28'),
(53, 8, 97, 'Bungo', '2022-06-12 00:35:28', '2022-06-12 00:35:28'),
(54, 8, 156, 'Jambi', '2022-06-12 00:35:28', '2022-06-12 00:35:28'),
(55, 8, 194, 'Kerinci', '2022-06-12 00:35:28', '2022-06-12 00:35:28'),
(56, 8, 280, 'Merangin', '2022-06-12 00:35:28', '2022-06-12 00:35:28'),
(57, 8, 293, 'Muaro Jambi', '2022-06-12 00:35:28', '2022-06-12 00:35:28'),
(58, 8, 393, 'Sarolangun', '2022-06-12 00:35:28', '2022-06-12 00:35:28'),
(59, 8, 442, 'Sungaipenuh', '2022-06-12 00:35:28', '2022-06-12 00:35:28'),
(60, 8, 460, 'Tanjung Jabung Barat', '2022-06-12 00:35:29', '2022-06-12 00:35:29'),
(61, 8, 461, 'Tanjung Jabung Timur', '2022-06-12 00:35:29', '2022-06-12 00:35:29'),
(62, 8, 471, 'Tebo', '2022-06-12 00:35:29', '2022-06-12 00:35:29'),
(63, 9, 22, 'Bandung', '2022-06-12 00:35:30', '2022-06-12 00:35:30'),
(64, 9, 23, 'Bandung', '2022-06-12 00:35:33', '2022-06-12 00:35:33'),
(65, 9, 24, 'Bandung Barat', '2022-06-12 00:35:34', '2022-06-12 00:35:34'),
(66, 9, 34, 'Banjar', '2022-06-12 00:35:34', '2022-06-12 00:35:34'),
(67, 9, 54, 'Bekasi', '2022-06-12 00:35:35', '2022-06-12 00:35:35'),
(68, 9, 55, 'Bekasi', '2022-06-12 00:35:35', '2022-06-12 00:35:35'),
(69, 9, 78, 'Bogor', '2022-06-12 00:35:35', '2022-06-12 00:35:35'),
(70, 9, 79, 'Bogor', '2022-06-12 00:35:35', '2022-06-12 00:35:35'),
(71, 9, 103, 'Ciamis', '2022-06-12 00:35:35', '2022-06-12 00:35:35'),
(72, 9, 104, 'Cianjur', '2022-06-12 00:35:36', '2022-06-12 00:35:36'),
(73, 9, 107, 'Cimahi', '2022-06-12 00:35:36', '2022-06-12 00:35:36'),
(74, 9, 108, 'Cirebon', '2022-06-12 00:35:36', '2022-06-12 00:35:36'),
(75, 9, 109, 'Cirebon', '2022-06-12 00:35:36', '2022-06-12 00:35:36'),
(76, 9, 115, 'Depok', '2022-06-12 00:35:36', '2022-06-12 00:35:36'),
(77, 9, 126, 'Garut', '2022-06-12 00:35:36', '2022-06-12 00:35:36'),
(78, 9, 149, 'Indramayu', '2022-06-12 00:35:36', '2022-06-12 00:35:36'),
(79, 9, 171, 'Karawang', '2022-06-12 00:35:36', '2022-06-12 00:35:36'),
(80, 9, 211, 'Kuningan', '2022-06-12 00:35:36', '2022-06-12 00:35:36'),
(81, 9, 252, 'Majalengka', '2022-06-12 00:35:36', '2022-06-12 00:35:36'),
(82, 9, 332, 'Pangandaran', '2022-06-12 00:35:37', '2022-06-12 00:35:37'),
(83, 9, 376, 'Purwakarta', '2022-06-12 00:35:37', '2022-06-12 00:35:37'),
(84, 9, 428, 'Subang', '2022-06-12 00:35:37', '2022-06-12 00:35:37'),
(85, 9, 430, 'Sukabumi', '2022-06-12 00:35:37', '2022-06-12 00:35:37'),
(86, 9, 431, 'Sukabumi', '2022-06-12 00:35:37', '2022-06-12 00:35:37'),
(87, 9, 440, 'Sumedang', '2022-06-12 00:35:37', '2022-06-12 00:35:37'),
(88, 9, 468, 'Tasikmalaya', '2022-06-12 00:35:37', '2022-06-12 00:35:37'),
(89, 9, 469, 'Tasikmalaya', '2022-06-12 00:35:37', '2022-06-12 00:35:37'),
(90, 10, 37, 'Banjarnegara', '2022-06-12 00:35:38', '2022-06-12 00:35:38'),
(91, 10, 41, 'Banyumas', '2022-06-12 00:35:39', '2022-06-12 00:35:39'),
(92, 10, 49, 'Batang', '2022-06-12 00:35:40', '2022-06-12 00:35:40'),
(93, 10, 76, 'Blora', '2022-06-12 00:35:41', '2022-06-12 00:35:41'),
(94, 10, 91, 'Boyolali', '2022-06-12 00:35:41', '2022-06-12 00:35:41'),
(95, 10, 92, 'Brebes', '2022-06-12 00:35:41', '2022-06-12 00:35:41'),
(96, 10, 105, 'Cilacap', '2022-06-12 00:35:42', '2022-06-12 00:35:42'),
(97, 10, 113, 'Demak', '2022-06-12 00:35:43', '2022-06-12 00:35:43'),
(98, 10, 134, 'Grobogan', '2022-06-12 00:35:43', '2022-06-12 00:35:43'),
(99, 10, 163, 'Jepara', '2022-06-12 00:35:43', '2022-06-12 00:35:43'),
(100, 10, 169, 'Karanganyar', '2022-06-12 00:35:44', '2022-06-12 00:35:44'),
(101, 10, 177, 'Kebumen', '2022-06-12 00:35:44', '2022-06-12 00:35:44'),
(102, 10, 181, 'Kendal', '2022-06-12 00:35:44', '2022-06-12 00:35:44'),
(103, 10, 196, 'Klaten', '2022-06-12 00:35:44', '2022-06-12 00:35:44'),
(104, 10, 209, 'Kudus', '2022-06-12 00:35:45', '2022-06-12 00:35:45'),
(105, 10, 249, 'Magelang', '2022-06-12 00:35:45', '2022-06-12 00:35:45'),
(106, 10, 250, 'Magelang', '2022-06-12 00:35:45', '2022-06-12 00:35:45'),
(107, 10, 344, 'Pati', '2022-06-12 00:35:45', '2022-06-12 00:35:45'),
(108, 10, 348, 'Pekalongan', '2022-06-12 00:35:45', '2022-06-12 00:35:45'),
(109, 10, 349, 'Pekalongan', '2022-06-12 00:35:45', '2022-06-12 00:35:45'),
(110, 10, 352, 'Pemalang', '2022-06-12 00:35:45', '2022-06-12 00:35:45'),
(111, 10, 375, 'Purbalingga', '2022-06-12 00:35:45', '2022-06-12 00:35:45'),
(112, 10, 377, 'Purworejo', '2022-06-12 00:35:46', '2022-06-12 00:35:46'),
(113, 10, 380, 'Rembang', '2022-06-12 00:35:46', '2022-06-12 00:35:46'),
(114, 10, 386, 'Salatiga', '2022-06-12 00:35:46', '2022-06-12 00:35:46'),
(115, 10, 398, 'Semarang', '2022-06-12 00:35:46', '2022-06-12 00:35:46'),
(116, 10, 399, 'Semarang', '2022-06-12 00:35:46', '2022-06-12 00:35:46'),
(117, 10, 427, 'Sragen', '2022-06-12 00:35:46', '2022-06-12 00:35:46'),
(118, 10, 433, 'Sukoharjo', '2022-06-12 00:35:46', '2022-06-12 00:35:46'),
(119, 10, 445, 'Surakarta (Solo)', '2022-06-12 00:35:46', '2022-06-12 00:35:46'),
(120, 10, 472, 'Tegal', '2022-06-12 00:35:46', '2022-06-12 00:35:46'),
(121, 10, 473, 'Tegal', '2022-06-12 00:35:46', '2022-06-12 00:35:46'),
(122, 10, 476, 'Temanggung', '2022-06-12 00:35:46', '2022-06-12 00:35:46'),
(123, 10, 497, 'Wonogiri', '2022-06-12 00:35:46', '2022-06-12 00:35:46'),
(124, 10, 498, 'Wonosobo', '2022-06-12 00:35:46', '2022-06-12 00:35:46'),
(125, 11, 31, 'Bangkalan', '2022-06-12 00:35:48', '2022-06-12 00:35:48'),
(126, 11, 42, 'Banyuwangi', '2022-06-12 00:35:48', '2022-06-12 00:35:48'),
(127, 11, 51, 'Batu', '2022-06-12 00:35:48', '2022-06-12 00:35:48'),
(128, 11, 74, 'Blitar', '2022-06-12 00:35:48', '2022-06-12 00:35:48'),
(129, 11, 75, 'Blitar', '2022-06-12 00:35:48', '2022-06-12 00:35:48'),
(130, 11, 80, 'Bojonegoro', '2022-06-12 00:35:48', '2022-06-12 00:35:48'),
(131, 11, 86, 'Bondowoso', '2022-06-12 00:35:48', '2022-06-12 00:35:48'),
(132, 11, 133, 'Gresik', '2022-06-12 00:35:48', '2022-06-12 00:35:48'),
(133, 11, 160, 'Jember', '2022-06-12 00:35:49', '2022-06-12 00:35:49'),
(134, 11, 164, 'Jombang', '2022-06-12 00:35:49', '2022-06-12 00:35:49'),
(135, 11, 178, 'Kediri', '2022-06-12 00:35:49', '2022-06-12 00:35:49'),
(136, 11, 179, 'Kediri', '2022-06-12 00:35:49', '2022-06-12 00:35:49'),
(137, 11, 222, 'Lamongan', '2022-06-12 00:35:49', '2022-06-12 00:35:49'),
(138, 11, 243, 'Lumajang', '2022-06-12 00:35:49', '2022-06-12 00:35:49'),
(139, 11, 247, 'Madiun', '2022-06-12 00:35:49', '2022-06-12 00:35:49'),
(140, 11, 248, 'Madiun', '2022-06-12 00:35:49', '2022-06-12 00:35:49'),
(141, 11, 251, 'Magetan', '2022-06-12 00:35:49', '2022-06-12 00:35:49'),
(142, 11, 255, 'Malang', '2022-06-12 00:35:49', '2022-06-12 00:35:49'),
(143, 11, 256, 'Malang', '2022-06-12 00:35:49', '2022-06-12 00:35:49'),
(144, 11, 289, 'Mojokerto', '2022-06-12 00:35:49', '2022-06-12 00:35:49'),
(145, 11, 290, 'Mojokerto', '2022-06-12 00:35:49', '2022-06-12 00:35:49'),
(146, 11, 305, 'Nganjuk', '2022-06-12 00:35:49', '2022-06-12 00:35:49'),
(147, 11, 306, 'Ngawi', '2022-06-12 00:35:49', '2022-06-12 00:35:49'),
(148, 11, 317, 'Pacitan', '2022-06-12 00:35:49', '2022-06-12 00:35:49'),
(149, 11, 330, 'Pamekasan', '2022-06-12 00:35:50', '2022-06-12 00:35:50'),
(150, 11, 342, 'Pasuruan', '2022-06-12 00:35:50', '2022-06-12 00:35:50'),
(151, 11, 343, 'Pasuruan', '2022-06-12 00:35:50', '2022-06-12 00:35:50'),
(152, 11, 363, 'Ponorogo', '2022-06-12 00:35:50', '2022-06-12 00:35:50'),
(153, 11, 369, 'Probolinggo', '2022-06-12 00:35:50', '2022-06-12 00:35:50'),
(154, 11, 370, 'Probolinggo', '2022-06-12 00:35:50', '2022-06-12 00:35:50'),
(155, 11, 390, 'Sampang', '2022-06-12 00:35:50', '2022-06-12 00:35:50'),
(156, 11, 409, 'Sidoarjo', '2022-06-12 00:35:50', '2022-06-12 00:35:50'),
(157, 11, 418, 'Situbondo', '2022-06-12 00:35:50', '2022-06-12 00:35:50'),
(158, 11, 441, 'Sumenep', '2022-06-12 00:35:50', '2022-06-12 00:35:50'),
(159, 11, 444, 'Surabaya', '2022-06-12 00:35:50', '2022-06-12 00:35:50'),
(160, 11, 487, 'Trenggalek', '2022-06-12 00:35:50', '2022-06-12 00:35:50'),
(161, 11, 489, 'Tuban', '2022-06-12 00:35:50', '2022-06-12 00:35:50'),
(162, 11, 492, 'Tulungagung', '2022-06-12 00:35:51', '2022-06-12 00:35:51'),
(163, 12, 61, 'Bengkayang', '2022-06-12 00:35:52', '2022-06-12 00:35:52'),
(164, 12, 168, 'Kapuas Hulu', '2022-06-12 00:35:52', '2022-06-12 00:35:52'),
(165, 12, 176, 'Kayong Utara', '2022-06-12 00:35:52', '2022-06-12 00:35:52'),
(166, 12, 195, 'Ketapang', '2022-06-12 00:35:52', '2022-06-12 00:35:52'),
(167, 12, 208, 'Kubu Raya', '2022-06-12 00:35:52', '2022-06-12 00:35:52'),
(168, 12, 228, 'Landak', '2022-06-12 00:35:52', '2022-06-12 00:35:52'),
(169, 12, 279, 'Melawi', '2022-06-12 00:35:52', '2022-06-12 00:35:52'),
(170, 12, 364, 'Pontianak', '2022-06-12 00:35:53', '2022-06-12 00:35:53'),
(171, 12, 365, 'Pontianak', '2022-06-12 00:35:53', '2022-06-12 00:35:53'),
(172, 12, 388, 'Sambas', '2022-06-12 00:35:53', '2022-06-12 00:35:53'),
(173, 12, 391, 'Sanggau', '2022-06-12 00:35:53', '2022-06-12 00:35:53'),
(174, 12, 395, 'Sekadau', '2022-06-12 00:35:53', '2022-06-12 00:35:53'),
(175, 12, 415, 'Singkawang', '2022-06-12 00:35:53', '2022-06-12 00:35:53'),
(176, 12, 417, 'Sintang', '2022-06-12 00:35:53', '2022-06-12 00:35:53'),
(177, 13, 18, 'Balangan', '2022-06-12 00:35:55', '2022-06-12 00:35:55'),
(178, 13, 33, 'Banjar', '2022-06-12 00:35:56', '2022-06-12 00:35:56'),
(179, 13, 35, 'Banjarbaru', '2022-06-12 00:35:56', '2022-06-12 00:35:56'),
(180, 13, 36, 'Banjarmasin', '2022-06-12 00:35:56', '2022-06-12 00:35:56'),
(181, 13, 43, 'Barito Kuala', '2022-06-12 00:35:56', '2022-06-12 00:35:56'),
(182, 13, 143, 'Hulu Sungai Selatan', '2022-06-12 00:35:56', '2022-06-12 00:35:56'),
(183, 13, 144, 'Hulu Sungai Tengah', '2022-06-12 00:35:56', '2022-06-12 00:35:56'),
(184, 13, 145, 'Hulu Sungai Utara', '2022-06-12 00:35:56', '2022-06-12 00:35:56'),
(185, 13, 203, 'Kotabaru', '2022-06-12 00:35:56', '2022-06-12 00:35:56'),
(186, 13, 446, 'Tabalong', '2022-06-12 00:35:57', '2022-06-12 00:35:57'),
(187, 13, 452, 'Tanah Bumbu', '2022-06-12 00:35:57', '2022-06-12 00:35:57'),
(188, 13, 454, 'Tanah Laut', '2022-06-12 00:35:57', '2022-06-12 00:35:57'),
(189, 13, 466, 'Tapin', '2022-06-12 00:35:57', '2022-06-12 00:35:57'),
(190, 14, 44, 'Barito Selatan', '2022-06-12 00:35:58', '2022-06-12 00:35:58'),
(191, 14, 45, 'Barito Timur', '2022-06-12 00:35:59', '2022-06-12 00:35:59'),
(192, 14, 46, 'Barito Utara', '2022-06-12 00:35:59', '2022-06-12 00:35:59'),
(193, 14, 136, 'Gunung Mas', '2022-06-12 00:35:59', '2022-06-12 00:35:59'),
(194, 14, 167, 'Kapuas', '2022-06-12 00:35:59', '2022-06-12 00:35:59'),
(195, 14, 174, 'Katingan', '2022-06-12 00:35:59', '2022-06-12 00:35:59'),
(196, 14, 205, 'Kotawaringin Barat', '2022-06-12 00:35:59', '2022-06-12 00:35:59'),
(197, 14, 206, 'Kotawaringin Timur', '2022-06-12 00:35:59', '2022-06-12 00:35:59'),
(198, 14, 221, 'Lamandau', '2022-06-12 00:35:59', '2022-06-12 00:35:59'),
(199, 14, 296, 'Murung Raya', '2022-06-12 00:35:59', '2022-06-12 00:35:59'),
(200, 14, 326, 'Palangka Raya', '2022-06-12 00:35:59', '2022-06-12 00:35:59'),
(201, 14, 371, 'Pulang Pisau', '2022-06-12 00:35:59', '2022-06-12 00:35:59'),
(202, 14, 405, 'Seruyan', '2022-06-12 00:35:59', '2022-06-12 00:35:59'),
(203, 14, 432, 'Sukamara', '2022-06-12 00:35:59', '2022-06-12 00:35:59'),
(204, 15, 19, 'Balikpapan', '2022-06-12 00:36:01', '2022-06-12 00:36:01'),
(205, 15, 66, 'Berau', '2022-06-12 00:36:01', '2022-06-12 00:36:01'),
(206, 15, 89, 'Bontang', '2022-06-12 00:36:01', '2022-06-12 00:36:01'),
(207, 15, 214, 'Kutai Barat', '2022-06-12 00:36:01', '2022-06-12 00:36:01'),
(208, 15, 215, 'Kutai Kartanegara', '2022-06-12 00:36:01', '2022-06-12 00:36:01'),
(209, 15, 216, 'Kutai Timur', '2022-06-12 00:36:01', '2022-06-12 00:36:01'),
(210, 15, 341, 'Paser', '2022-06-12 00:36:01', '2022-06-12 00:36:01'),
(211, 15, 354, 'Penajam Paser Utara', '2022-06-12 00:36:01', '2022-06-12 00:36:01'),
(212, 15, 387, 'Samarinda', '2022-06-12 00:36:01', '2022-06-12 00:36:01'),
(213, 16, 96, 'Bulungan (Bulongan)', '2022-06-12 00:36:02', '2022-06-12 00:36:02'),
(214, 16, 257, 'Malinau', '2022-06-12 00:36:03', '2022-06-12 00:36:03'),
(215, 16, 311, 'Nunukan', '2022-06-12 00:36:03', '2022-06-12 00:36:03'),
(216, 16, 450, 'Tana Tidung', '2022-06-12 00:36:03', '2022-06-12 00:36:03'),
(217, 16, 467, 'Tarakan', '2022-06-12 00:36:03', '2022-06-12 00:36:03'),
(218, 17, 48, 'Batam', '2022-06-12 00:36:04', '2022-06-12 00:36:04'),
(219, 17, 71, 'Bintan', '2022-06-12 00:36:04', '2022-06-12 00:36:04'),
(220, 17, 172, 'Karimun', '2022-06-12 00:36:04', '2022-06-12 00:36:04'),
(221, 17, 184, 'Kepulauan Anambas', '2022-06-12 00:36:04', '2022-06-12 00:36:04'),
(222, 17, 237, 'Lingga', '2022-06-12 00:36:04', '2022-06-12 00:36:04'),
(223, 17, 302, 'Natuna', '2022-06-12 00:36:04', '2022-06-12 00:36:04'),
(224, 17, 462, 'Tanjung Pinang', '2022-06-12 00:36:04', '2022-06-12 00:36:04'),
(225, 18, 21, 'Bandar Lampung', '2022-06-12 00:36:06', '2022-06-12 00:36:06'),
(226, 18, 223, 'Lampung Barat', '2022-06-12 00:36:06', '2022-06-12 00:36:06'),
(227, 18, 224, 'Lampung Selatan', '2022-06-12 00:36:06', '2022-06-12 00:36:06'),
(228, 18, 225, 'Lampung Tengah', '2022-06-12 00:36:06', '2022-06-12 00:36:06'),
(229, 18, 226, 'Lampung Timur', '2022-06-12 00:36:06', '2022-06-12 00:36:06'),
(230, 18, 227, 'Lampung Utara', '2022-06-12 00:36:06', '2022-06-12 00:36:06'),
(231, 18, 282, 'Mesuji', '2022-06-12 00:36:06', '2022-06-12 00:36:06'),
(232, 18, 283, 'Metro', '2022-06-12 00:36:06', '2022-06-12 00:36:06'),
(233, 18, 355, 'Pesawaran', '2022-06-12 00:36:06', '2022-06-12 00:36:06'),
(234, 18, 356, 'Pesisir Barat', '2022-06-12 00:36:06', '2022-06-12 00:36:06'),
(235, 18, 368, 'Pringsewu', '2022-06-12 00:36:06', '2022-06-12 00:36:06'),
(236, 18, 458, 'Tanggamus', '2022-06-12 00:36:06', '2022-06-12 00:36:06'),
(237, 18, 490, 'Tulang Bawang', '2022-06-12 00:36:06', '2022-06-12 00:36:06'),
(238, 18, 491, 'Tulang Bawang Barat', '2022-06-12 00:36:06', '2022-06-12 00:36:06'),
(239, 18, 496, 'Way Kanan', '2022-06-12 00:36:07', '2022-06-12 00:36:07'),
(240, 19, 14, 'Ambon', '2022-06-12 00:36:08', '2022-06-12 00:36:08'),
(241, 19, 99, 'Buru', '2022-06-12 00:36:08', '2022-06-12 00:36:08'),
(242, 19, 100, 'Buru Selatan', '2022-06-12 00:36:08', '2022-06-12 00:36:08'),
(243, 19, 185, 'Kepulauan Aru', '2022-06-12 00:36:08', '2022-06-12 00:36:08'),
(244, 19, 258, 'Maluku Barat Daya', '2022-06-12 00:36:08', '2022-06-12 00:36:08'),
(245, 19, 259, 'Maluku Tengah', '2022-06-12 00:36:08', '2022-06-12 00:36:08'),
(246, 19, 260, 'Maluku Tenggara', '2022-06-12 00:36:08', '2022-06-12 00:36:08'),
(247, 19, 261, 'Maluku Tenggara Barat', '2022-06-12 00:36:08', '2022-06-12 00:36:08'),
(248, 19, 400, 'Seram Bagian Barat', '2022-06-12 00:36:08', '2022-06-12 00:36:08'),
(249, 19, 401, 'Seram Bagian Timur', '2022-06-12 00:36:09', '2022-06-12 00:36:09'),
(250, 19, 488, 'Tual', '2022-06-12 00:36:09', '2022-06-12 00:36:09'),
(251, 20, 138, 'Halmahera Barat', '2022-06-12 00:36:10', '2022-06-12 00:36:10'),
(252, 20, 139, 'Halmahera Selatan', '2022-06-12 00:36:10', '2022-06-12 00:36:10'),
(253, 20, 140, 'Halmahera Tengah', '2022-06-12 00:36:10', '2022-06-12 00:36:10'),
(254, 20, 141, 'Halmahera Timur', '2022-06-12 00:36:10', '2022-06-12 00:36:10'),
(255, 20, 142, 'Halmahera Utara', '2022-06-12 00:36:10', '2022-06-12 00:36:10'),
(256, 20, 191, 'Kepulauan Sula', '2022-06-12 00:36:10', '2022-06-12 00:36:10'),
(257, 20, 372, 'Pulau Morotai', '2022-06-12 00:36:10', '2022-06-12 00:36:10'),
(258, 20, 477, 'Ternate', '2022-06-12 00:36:10', '2022-06-12 00:36:10'),
(259, 20, 478, 'Tidore Kepulauan', '2022-06-12 00:36:10', '2022-06-12 00:36:10'),
(260, 21, 1, 'Aceh Barat', '2022-06-12 00:36:12', '2022-06-12 00:36:12'),
(261, 21, 2, 'Aceh Barat Daya', '2022-06-12 00:36:12', '2022-06-12 00:36:12'),
(262, 21, 3, 'Aceh Besar', '2022-06-12 00:36:12', '2022-06-12 00:36:12'),
(263, 21, 4, 'Aceh Jaya', '2022-06-12 00:36:12', '2022-06-12 00:36:12'),
(264, 21, 5, 'Aceh Selatan', '2022-06-12 00:36:12', '2022-06-12 00:36:12'),
(265, 21, 6, 'Aceh Singkil', '2022-06-12 00:36:12', '2022-06-12 00:36:12'),
(266, 21, 7, 'Aceh Tamiang', '2022-06-12 00:36:12', '2022-06-12 00:36:12'),
(267, 21, 8, 'Aceh Tengah', '2022-06-12 00:36:12', '2022-06-12 00:36:12'),
(268, 21, 9, 'Aceh Tenggara', '2022-06-12 00:36:12', '2022-06-12 00:36:12'),
(269, 21, 10, 'Aceh Timur', '2022-06-12 00:36:12', '2022-06-12 00:36:12'),
(270, 21, 11, 'Aceh Utara', '2022-06-12 00:36:12', '2022-06-12 00:36:12'),
(271, 21, 20, 'Banda Aceh', '2022-06-12 00:36:12', '2022-06-12 00:36:12'),
(272, 21, 59, 'Bener Meriah', '2022-06-12 00:36:12', '2022-06-12 00:36:12'),
(273, 21, 72, 'Bireuen', '2022-06-12 00:36:12', '2022-06-12 00:36:12'),
(274, 21, 127, 'Gayo Lues', '2022-06-12 00:36:13', '2022-06-12 00:36:13'),
(275, 21, 230, 'Langsa', '2022-06-12 00:36:13', '2022-06-12 00:36:13'),
(276, 21, 235, 'Lhokseumawe', '2022-06-12 00:36:13', '2022-06-12 00:36:13'),
(277, 21, 300, 'Nagan Raya', '2022-06-12 00:36:13', '2022-06-12 00:36:13'),
(278, 21, 358, 'Pidie', '2022-06-12 00:36:13', '2022-06-12 00:36:13'),
(279, 21, 359, 'Pidie Jaya', '2022-06-12 00:36:13', '2022-06-12 00:36:13'),
(280, 21, 384, 'Sabang', '2022-06-12 00:36:13', '2022-06-12 00:36:13'),
(281, 21, 414, 'Simeulue', '2022-06-12 00:36:13', '2022-06-12 00:36:13'),
(282, 21, 429, 'Subulussalam', '2022-06-12 00:36:13', '2022-06-12 00:36:13'),
(283, 22, 68, 'Bima', '2022-06-12 00:36:15', '2022-06-12 00:36:15'),
(284, 22, 69, 'Bima', '2022-06-12 00:36:15', '2022-06-12 00:36:15'),
(285, 22, 118, 'Dompu', '2022-06-12 00:36:15', '2022-06-12 00:36:15'),
(286, 22, 238, 'Lombok Barat', '2022-06-12 00:36:15', '2022-06-12 00:36:15'),
(287, 22, 239, 'Lombok Tengah', '2022-06-12 00:36:15', '2022-06-12 00:36:15'),
(288, 22, 240, 'Lombok Timur', '2022-06-12 00:36:15', '2022-06-12 00:36:15'),
(289, 22, 241, 'Lombok Utara', '2022-06-12 00:36:15', '2022-06-12 00:36:15'),
(290, 22, 276, 'Mataram', '2022-06-12 00:36:15', '2022-06-12 00:36:15'),
(291, 22, 438, 'Sumbawa', '2022-06-12 00:36:15', '2022-06-12 00:36:15'),
(292, 22, 439, 'Sumbawa Barat', '2022-06-12 00:36:15', '2022-06-12 00:36:15'),
(293, 23, 13, 'Alor', '2022-06-12 00:36:16', '2022-06-12 00:36:16'),
(294, 23, 58, 'Belu', '2022-06-12 00:36:16', '2022-06-12 00:36:16'),
(295, 23, 122, 'Ende', '2022-06-12 00:36:16', '2022-06-12 00:36:16'),
(296, 23, 125, 'Flores Timur', '2022-06-12 00:36:16', '2022-06-12 00:36:16'),
(297, 23, 212, 'Kupang', '2022-06-12 00:36:16', '2022-06-12 00:36:16'),
(298, 23, 213, 'Kupang', '2022-06-12 00:36:17', '2022-06-12 00:36:17'),
(299, 23, 234, 'Lembata', '2022-06-12 00:36:17', '2022-06-12 00:36:17'),
(300, 23, 269, 'Manggarai', '2022-06-12 00:36:17', '2022-06-12 00:36:17'),
(301, 23, 270, 'Manggarai Barat', '2022-06-12 00:36:17', '2022-06-12 00:36:17'),
(302, 23, 271, 'Manggarai Timur', '2022-06-12 00:36:17', '2022-06-12 00:36:17'),
(303, 23, 301, 'Nagekeo', '2022-06-12 00:36:17', '2022-06-12 00:36:17'),
(304, 23, 304, 'Ngada', '2022-06-12 00:36:17', '2022-06-12 00:36:17'),
(305, 23, 383, 'Rote Ndao', '2022-06-12 00:36:17', '2022-06-12 00:36:17'),
(306, 23, 385, 'Sabu Raijua', '2022-06-12 00:36:17', '2022-06-12 00:36:17'),
(307, 23, 412, 'Sikka', '2022-06-12 00:36:17', '2022-06-12 00:36:17'),
(308, 23, 434, 'Sumba Barat', '2022-06-12 00:36:17', '2022-06-12 00:36:17'),
(309, 23, 435, 'Sumba Barat Daya', '2022-06-12 00:36:17', '2022-06-12 00:36:17'),
(310, 23, 436, 'Sumba Tengah', '2022-06-12 00:36:17', '2022-06-12 00:36:17'),
(311, 23, 437, 'Sumba Timur', '2022-06-12 00:36:17', '2022-06-12 00:36:17'),
(312, 23, 479, 'Timor Tengah Selatan', '2022-06-12 00:36:18', '2022-06-12 00:36:18'),
(313, 23, 480, 'Timor Tengah Utara', '2022-06-12 00:36:18', '2022-06-12 00:36:18'),
(314, 24, 16, 'Asmat', '2022-06-12 00:36:19', '2022-06-12 00:36:19'),
(315, 24, 67, 'Biak Numfor', '2022-06-12 00:36:19', '2022-06-12 00:36:19'),
(316, 24, 90, 'Boven Digoel', '2022-06-12 00:36:19', '2022-06-12 00:36:19'),
(317, 24, 111, 'Deiyai (Deliyai)', '2022-06-12 00:36:19', '2022-06-12 00:36:19'),
(318, 24, 117, 'Dogiyai', '2022-06-12 00:36:19', '2022-06-12 00:36:19'),
(319, 24, 150, 'Intan Jaya', '2022-06-12 00:36:19', '2022-06-12 00:36:19'),
(320, 24, 157, 'Jayapura', '2022-06-12 00:36:19', '2022-06-12 00:36:19'),
(321, 24, 158, 'Jayapura', '2022-06-12 00:36:19', '2022-06-12 00:36:19'),
(322, 24, 159, 'Jayawijaya', '2022-06-12 00:36:19', '2022-06-12 00:36:19'),
(323, 24, 180, 'Keerom', '2022-06-12 00:36:19', '2022-06-12 00:36:19'),
(324, 24, 193, 'Kepulauan Yapen (Yapen Waropen)', '2022-06-12 00:36:19', '2022-06-12 00:36:19'),
(325, 24, 231, 'Lanny Jaya', '2022-06-12 00:36:20', '2022-06-12 00:36:20'),
(326, 24, 263, 'Mamberamo Raya', '2022-06-12 00:36:20', '2022-06-12 00:36:20'),
(327, 24, 264, 'Mamberamo Tengah', '2022-06-12 00:36:20', '2022-06-12 00:36:20'),
(328, 24, 274, 'Mappi', '2022-06-12 00:36:20', '2022-06-12 00:36:20'),
(329, 24, 281, 'Merauke', '2022-06-12 00:36:20', '2022-06-12 00:36:20'),
(330, 24, 284, 'Mimika', '2022-06-12 00:36:20', '2022-06-12 00:36:20'),
(331, 24, 299, 'Nabire', '2022-06-12 00:36:20', '2022-06-12 00:36:20'),
(332, 24, 303, 'Nduga', '2022-06-12 00:36:20', '2022-06-12 00:36:20'),
(333, 24, 335, 'Paniai', '2022-06-12 00:36:20', '2022-06-12 00:36:20'),
(334, 24, 347, 'Pegunungan Bintang', '2022-06-12 00:36:20', '2022-06-12 00:36:20'),
(335, 24, 373, 'Puncak', '2022-06-12 00:36:20', '2022-06-12 00:36:20'),
(336, 24, 374, 'Puncak Jaya', '2022-06-12 00:36:20', '2022-06-12 00:36:20'),
(337, 24, 392, 'Sarmi', '2022-06-12 00:36:20', '2022-06-12 00:36:20'),
(338, 24, 443, 'Supiori', '2022-06-12 00:36:20', '2022-06-12 00:36:20'),
(339, 24, 484, 'Tolikara', '2022-06-12 00:36:21', '2022-06-12 00:36:21'),
(340, 24, 495, 'Waropen', '2022-06-12 00:36:21', '2022-06-12 00:36:21'),
(341, 24, 499, 'Yahukimo', '2022-06-12 00:36:21', '2022-06-12 00:36:21'),
(342, 24, 500, 'Yalimo', '2022-06-12 00:36:21', '2022-06-12 00:36:21'),
(343, 25, 124, 'Fakfak', '2022-06-12 00:36:22', '2022-06-12 00:36:22'),
(344, 25, 165, 'Kaimana', '2022-06-12 00:36:22', '2022-06-12 00:36:22'),
(345, 25, 272, 'Manokwari', '2022-06-12 00:36:22', '2022-06-12 00:36:22'),
(346, 25, 273, 'Manokwari Selatan', '2022-06-12 00:36:22', '2022-06-12 00:36:22'),
(347, 25, 277, 'Maybrat', '2022-06-12 00:36:22', '2022-06-12 00:36:22'),
(348, 25, 346, 'Pegunungan Arfak', '2022-06-12 00:36:22', '2022-06-12 00:36:22'),
(349, 25, 378, 'Raja Ampat', '2022-06-12 00:36:22', '2022-06-12 00:36:22'),
(350, 25, 424, 'Sorong', '2022-06-12 00:36:23', '2022-06-12 00:36:23'),
(351, 25, 425, 'Sorong', '2022-06-12 00:36:23', '2022-06-12 00:36:23'),
(352, 25, 426, 'Sorong Selatan', '2022-06-12 00:36:23', '2022-06-12 00:36:23'),
(353, 25, 449, 'Tambrauw', '2022-06-12 00:36:23', '2022-06-12 00:36:23'),
(354, 25, 474, 'Teluk Bintuni', '2022-06-12 00:36:23', '2022-06-12 00:36:23'),
(355, 25, 475, 'Teluk Wondama', '2022-06-12 00:36:23', '2022-06-12 00:36:23'),
(356, 26, 60, 'Bengkalis', '2022-06-12 00:36:24', '2022-06-12 00:36:24'),
(357, 26, 120, 'Dumai', '2022-06-12 00:36:24', '2022-06-12 00:36:24'),
(358, 26, 147, 'Indragiri Hilir', '2022-06-12 00:36:24', '2022-06-12 00:36:24'),
(359, 26, 148, 'Indragiri Hulu', '2022-06-12 00:36:24', '2022-06-12 00:36:24'),
(360, 26, 166, 'Kampar', '2022-06-12 00:36:24', '2022-06-12 00:36:24'),
(361, 26, 187, 'Kepulauan Meranti', '2022-06-12 00:36:24', '2022-06-12 00:36:24'),
(362, 26, 207, 'Kuantan Singingi', '2022-06-12 00:36:24', '2022-06-12 00:36:24'),
(363, 26, 350, 'Pekanbaru', '2022-06-12 00:36:25', '2022-06-12 00:36:25'),
(364, 26, 351, 'Pelalawan', '2022-06-12 00:36:25', '2022-06-12 00:36:25'),
(365, 26, 381, 'Rokan Hilir', '2022-06-12 00:36:25', '2022-06-12 00:36:25'),
(366, 26, 382, 'Rokan Hulu', '2022-06-12 00:36:25', '2022-06-12 00:36:25'),
(367, 26, 406, 'Siak', '2022-06-12 00:36:25', '2022-06-12 00:36:25'),
(368, 27, 253, 'Majene', '2022-06-12 00:36:26', '2022-06-12 00:36:26'),
(369, 27, 262, 'Mamasa', '2022-06-12 00:36:26', '2022-06-12 00:36:26'),
(370, 27, 265, 'Mamuju', '2022-06-12 00:36:26', '2022-06-12 00:36:26'),
(371, 27, 266, 'Mamuju Utara', '2022-06-12 00:36:26', '2022-06-12 00:36:26'),
(372, 27, 362, 'Polewali Mandar', '2022-06-12 00:36:26', '2022-06-12 00:36:26'),
(373, 28, 38, 'Bantaeng', '2022-06-12 00:36:28', '2022-06-12 00:36:28'),
(374, 28, 47, 'Barru', '2022-06-12 00:36:28', '2022-06-12 00:36:28'),
(375, 28, 87, 'Bone', '2022-06-12 00:36:28', '2022-06-12 00:36:28'),
(376, 28, 95, 'Bulukumba', '2022-06-12 00:36:28', '2022-06-12 00:36:28'),
(377, 28, 123, 'Enrekang', '2022-06-12 00:36:28', '2022-06-12 00:36:28'),
(378, 28, 132, 'Gowa', '2022-06-12 00:36:28', '2022-06-12 00:36:28'),
(379, 28, 162, 'Jeneponto', '2022-06-12 00:36:28', '2022-06-12 00:36:28'),
(380, 28, 244, 'Luwu', '2022-06-12 00:36:28', '2022-06-12 00:36:28'),
(381, 28, 245, 'Luwu Timur', '2022-06-12 00:36:28', '2022-06-12 00:36:28'),
(382, 28, 246, 'Luwu Utara', '2022-06-12 00:36:28', '2022-06-12 00:36:28'),
(383, 28, 254, 'Makassar', '2022-06-12 00:36:28', '2022-06-12 00:36:28'),
(384, 28, 275, 'Maros', '2022-06-12 00:36:28', '2022-06-12 00:36:28'),
(385, 28, 328, 'Palopo', '2022-06-12 00:36:28', '2022-06-12 00:36:28'),
(386, 28, 333, 'Pangkajene Kepulauan', '2022-06-12 00:36:29', '2022-06-12 00:36:29'),
(387, 28, 336, 'Parepare', '2022-06-12 00:36:29', '2022-06-12 00:36:29'),
(388, 28, 360, 'Pinrang', '2022-06-12 00:36:29', '2022-06-12 00:36:29'),
(389, 28, 396, 'Selayar (Kepulauan Selayar)', '2022-06-12 00:36:29', '2022-06-12 00:36:29'),
(390, 28, 408, 'Sidenreng Rappang/Rapang', '2022-06-12 00:36:29', '2022-06-12 00:36:29'),
(391, 28, 416, 'Sinjai', '2022-06-12 00:36:29', '2022-06-12 00:36:29'),
(392, 28, 423, 'Soppeng', '2022-06-12 00:36:29', '2022-06-12 00:36:29'),
(393, 28, 448, 'Takalar', '2022-06-12 00:36:29', '2022-06-12 00:36:29'),
(394, 28, 451, 'Tana Toraja', '2022-06-12 00:36:29', '2022-06-12 00:36:29'),
(395, 28, 486, 'Toraja Utara', '2022-06-12 00:36:29', '2022-06-12 00:36:29'),
(396, 28, 493, 'Wajo', '2022-06-12 00:36:29', '2022-06-12 00:36:29'),
(397, 29, 25, 'Banggai', '2022-06-12 00:36:31', '2022-06-12 00:36:31'),
(398, 29, 26, 'Banggai Kepulauan', '2022-06-12 00:36:31', '2022-06-12 00:36:31'),
(399, 29, 98, 'Buol', '2022-06-12 00:36:31', '2022-06-12 00:36:31'),
(400, 29, 119, 'Donggala', '2022-06-12 00:36:31', '2022-06-12 00:36:31'),
(401, 29, 291, 'Morowali', '2022-06-12 00:36:31', '2022-06-12 00:36:31'),
(402, 29, 329, 'Palu', '2022-06-12 00:36:31', '2022-06-12 00:36:31'),
(403, 29, 338, 'Parigi Moutong', '2022-06-12 00:36:31', '2022-06-12 00:36:31'),
(404, 29, 366, 'Poso', '2022-06-12 00:36:31', '2022-06-12 00:36:31'),
(405, 29, 410, 'Sigi', '2022-06-12 00:36:31', '2022-06-12 00:36:31'),
(406, 29, 482, 'Tojo Una-Una', '2022-06-12 00:36:31', '2022-06-12 00:36:31'),
(407, 29, 483, 'Toli-Toli', '2022-06-12 00:36:31', '2022-06-12 00:36:31'),
(408, 30, 53, 'Bau-Bau', '2022-06-12 00:36:33', '2022-06-12 00:36:33'),
(409, 30, 85, 'Bombana', '2022-06-12 00:36:33', '2022-06-12 00:36:33'),
(410, 30, 101, 'Buton', '2022-06-12 00:36:33', '2022-06-12 00:36:33'),
(411, 30, 102, 'Buton Utara', '2022-06-12 00:36:33', '2022-06-12 00:36:33'),
(412, 30, 182, 'Kendari', '2022-06-12 00:36:33', '2022-06-12 00:36:33'),
(413, 30, 198, 'Kolaka', '2022-06-12 00:36:33', '2022-06-12 00:36:33'),
(414, 30, 199, 'Kolaka Utara', '2022-06-12 00:36:33', '2022-06-12 00:36:33'),
(415, 30, 200, 'Konawe', '2022-06-12 00:36:33', '2022-06-12 00:36:33'),
(416, 30, 201, 'Konawe Selatan', '2022-06-12 00:36:33', '2022-06-12 00:36:33'),
(417, 30, 202, 'Konawe Utara', '2022-06-12 00:36:33', '2022-06-12 00:36:33'),
(418, 30, 295, 'Muna', '2022-06-12 00:36:33', '2022-06-12 00:36:33'),
(419, 30, 494, 'Wakatobi', '2022-06-12 00:36:33', '2022-06-12 00:36:33'),
(420, 31, 73, 'Bitung', '2022-06-12 00:36:35', '2022-06-12 00:36:35'),
(421, 31, 81, 'Bolaang Mongondow (Bolmong)', '2022-06-12 00:36:35', '2022-06-12 00:36:35'),
(422, 31, 82, 'Bolaang Mongondow Selatan', '2022-06-12 00:36:35', '2022-06-12 00:36:35'),
(423, 31, 83, 'Bolaang Mongondow Timur', '2022-06-12 00:36:35', '2022-06-12 00:36:35'),
(424, 31, 84, 'Bolaang Mongondow Utara', '2022-06-12 00:36:35', '2022-06-12 00:36:35'),
(425, 31, 188, 'Kepulauan Sangihe', '2022-06-12 00:36:35', '2022-06-12 00:36:35'),
(426, 31, 190, 'Kepulauan Siau Tagulandang Biaro (Sitaro)', '2022-06-12 00:36:35', '2022-06-12 00:36:35'),
(427, 31, 192, 'Kepulauan Talaud', '2022-06-12 00:36:35', '2022-06-12 00:36:35'),
(428, 31, 204, 'Kotamobagu', '2022-06-12 00:36:35', '2022-06-12 00:36:35'),
(429, 31, 267, 'Manado', '2022-06-12 00:36:35', '2022-06-12 00:36:35'),
(430, 31, 285, 'Minahasa', '2022-06-12 00:36:35', '2022-06-12 00:36:35'),
(431, 31, 286, 'Minahasa Selatan', '2022-06-12 00:36:35', '2022-06-12 00:36:35'),
(432, 31, 287, 'Minahasa Tenggara', '2022-06-12 00:36:35', '2022-06-12 00:36:35'),
(433, 31, 288, 'Minahasa Utara', '2022-06-12 00:36:35', '2022-06-12 00:36:35'),
(434, 31, 485, 'Tomohon', '2022-06-12 00:36:35', '2022-06-12 00:36:35'),
(435, 32, 12, 'Agam', '2022-06-12 00:36:37', '2022-06-12 00:36:37'),
(436, 32, 93, 'Bukittinggi', '2022-06-12 00:36:37', '2022-06-12 00:36:37'),
(437, 32, 116, 'Dharmasraya', '2022-06-12 00:36:37', '2022-06-12 00:36:37'),
(438, 32, 186, 'Kepulauan Mentawai', '2022-06-12 00:36:37', '2022-06-12 00:36:37'),
(439, 32, 236, 'Lima Puluh Koto/Kota', '2022-06-12 00:36:37', '2022-06-12 00:36:37'),
(440, 32, 318, 'Padang', '2022-06-12 00:36:37', '2022-06-12 00:36:37'),
(441, 32, 321, 'Padang Panjang', '2022-06-12 00:36:37', '2022-06-12 00:36:37'),
(442, 32, 322, 'Padang Pariaman', '2022-06-12 00:36:37', '2022-06-12 00:36:37'),
(443, 32, 337, 'Pariaman', '2022-06-12 00:36:37', '2022-06-12 00:36:37'),
(444, 32, 339, 'Pasaman', '2022-06-12 00:36:37', '2022-06-12 00:36:37'),
(445, 32, 340, 'Pasaman Barat', '2022-06-12 00:36:37', '2022-06-12 00:36:37'),
(446, 32, 345, 'Payakumbuh', '2022-06-12 00:36:37', '2022-06-12 00:36:37'),
(447, 32, 357, 'Pesisir Selatan', '2022-06-12 00:36:38', '2022-06-12 00:36:38'),
(448, 32, 394, 'Sawah Lunto', '2022-06-12 00:36:38', '2022-06-12 00:36:38'),
(449, 32, 411, 'Sijunjung (Sawah Lunto Sijunjung)', '2022-06-12 00:36:38', '2022-06-12 00:36:38'),
(450, 32, 420, 'Solok', '2022-06-12 00:36:38', '2022-06-12 00:36:38'),
(451, 32, 421, 'Solok', '2022-06-12 00:36:38', '2022-06-12 00:36:38'),
(452, 32, 422, 'Solok Selatan', '2022-06-12 00:36:38', '2022-06-12 00:36:38'),
(453, 32, 453, 'Tanah Datar', '2022-06-12 00:36:39', '2022-06-12 00:36:39'),
(454, 33, 40, 'Banyuasin', '2022-06-12 00:36:40', '2022-06-12 00:36:40'),
(455, 33, 121, 'Empat Lawang', '2022-06-12 00:36:40', '2022-06-12 00:36:40'),
(456, 33, 220, 'Lahat', '2022-06-12 00:36:40', '2022-06-12 00:36:40'),
(457, 33, 242, 'Lubuk Linggau', '2022-06-12 00:36:40', '2022-06-12 00:36:40'),
(458, 33, 292, 'Muara Enim', '2022-06-12 00:36:40', '2022-06-12 00:36:40'),
(459, 33, 297, 'Musi Banyuasin', '2022-06-12 00:36:41', '2022-06-12 00:36:41'),
(460, 33, 298, 'Musi Rawas', '2022-06-12 00:36:41', '2022-06-12 00:36:41'),
(461, 33, 312, 'Ogan Ilir', '2022-06-12 00:36:41', '2022-06-12 00:36:41'),
(462, 33, 313, 'Ogan Komering Ilir', '2022-06-12 00:36:41', '2022-06-12 00:36:41'),
(463, 33, 314, 'Ogan Komering Ulu', '2022-06-12 00:36:41', '2022-06-12 00:36:41'),
(464, 33, 315, 'Ogan Komering Ulu Selatan', '2022-06-12 00:36:41', '2022-06-12 00:36:41'),
(465, 33, 316, 'Ogan Komering Ulu Timur', '2022-06-12 00:36:41', '2022-06-12 00:36:41'),
(466, 33, 324, 'Pagar Alam', '2022-06-12 00:36:41', '2022-06-12 00:36:41'),
(467, 33, 327, 'Palembang', '2022-06-12 00:36:41', '2022-06-12 00:36:41'),
(468, 33, 367, 'Prabumulih', '2022-06-12 00:36:41', '2022-06-12 00:36:41'),
(469, 34, 15, 'Asahan', '2022-06-12 00:36:43', '2022-06-12 00:36:43'),
(470, 34, 52, 'Batu Bara', '2022-06-12 00:36:43', '2022-06-12 00:36:43'),
(471, 34, 70, 'Binjai', '2022-06-12 00:36:43', '2022-06-12 00:36:43'),
(472, 34, 110, 'Dairi', '2022-06-12 00:36:43', '2022-06-12 00:36:43'),
(473, 34, 112, 'Deli Serdang', '2022-06-12 00:36:43', '2022-06-12 00:36:43'),
(474, 34, 137, 'Gunungsitoli', '2022-06-12 00:36:43', '2022-06-12 00:36:43'),
(475, 34, 146, 'Humbang Hasundutan', '2022-06-12 00:36:43', '2022-06-12 00:36:43'),
(476, 34, 173, 'Karo', '2022-06-12 00:36:44', '2022-06-12 00:36:44'),
(477, 34, 217, 'Labuhan Batu', '2022-06-12 00:36:44', '2022-06-12 00:36:44'),
(478, 34, 218, 'Labuhan Batu Selatan', '2022-06-12 00:36:44', '2022-06-12 00:36:44'),
(479, 34, 219, 'Labuhan Batu Utara', '2022-06-12 00:36:44', '2022-06-12 00:36:44'),
(480, 34, 229, 'Langkat', '2022-06-12 00:36:44', '2022-06-12 00:36:44'),
(481, 34, 268, 'Mandailing Natal', '2022-06-12 00:36:44', '2022-06-12 00:36:44'),
(482, 34, 278, 'Medan', '2022-06-12 00:36:44', '2022-06-12 00:36:44'),
(483, 34, 307, 'Nias', '2022-06-12 00:36:44', '2022-06-12 00:36:44'),
(484, 34, 308, 'Nias Barat', '2022-06-12 00:36:44', '2022-06-12 00:36:44'),
(485, 34, 309, 'Nias Selatan', '2022-06-12 00:36:44', '2022-06-12 00:36:44'),
(486, 34, 310, 'Nias Utara', '2022-06-12 00:36:44', '2022-06-12 00:36:44'),
(487, 34, 319, 'Padang Lawas', '2022-06-12 00:36:44', '2022-06-12 00:36:44'),
(488, 34, 320, 'Padang Lawas Utara', '2022-06-12 00:36:44', '2022-06-12 00:36:44'),
(489, 34, 323, 'Padang Sidempuan', '2022-06-12 00:36:44', '2022-06-12 00:36:44'),
(490, 34, 325, 'Pakpak Bharat', '2022-06-12 00:36:44', '2022-06-12 00:36:44'),
(491, 34, 353, 'Pematang Siantar', '2022-06-12 00:36:44', '2022-06-12 00:36:44'),
(492, 34, 389, 'Samosir', '2022-06-12 00:36:44', '2022-06-12 00:36:44'),
(493, 34, 404, 'Serdang Bedagai', '2022-06-12 00:36:44', '2022-06-12 00:36:44'),
(494, 34, 407, 'Sibolga', '2022-06-12 00:36:44', '2022-06-12 00:36:44'),
(495, 34, 413, 'Simalungun', '2022-06-12 00:36:45', '2022-06-12 00:36:45'),
(496, 34, 459, 'Tanjung Balai', '2022-06-12 00:36:45', '2022-06-12 00:36:45'),
(497, 34, 463, 'Tapanuli Selatan', '2022-06-12 00:36:45', '2022-06-12 00:36:45'),
(498, 34, 464, 'Tapanuli Tengah', '2022-06-12 00:36:45', '2022-06-12 00:36:45'),
(499, 34, 465, 'Tapanuli Utara', '2022-06-12 00:36:45', '2022-06-12 00:36:45'),
(500, 34, 470, 'Tebing Tinggi', '2022-06-12 00:36:45', '2022-06-12 00:36:45'),
(501, 34, 481, 'Toba Samosir', '2022-06-12 00:36:45', '2022-06-12 00:36:45');

-- --------------------------------------------------------

--
-- Table structure for table `detail_pemesanan`
--

CREATE TABLE `detail_pemesanan` (
  `id_detailpemesanan` bigint(20) UNSIGNED NOT NULL,
  `id_pemesanan` bigint(20) UNSIGNED NOT NULL,
  `id_produk` bigint(20) UNSIGNED NOT NULL,
  `jumlah` int(11) NOT NULL,
  `subtotal` int(11) NOT NULL,
  `subberat` int(11) DEFAULT NULL,
  `biaya_tambahan` int(255) DEFAULT NULL,
  `created_at` timestamp NULL DEFAULT NULL,
  `updated_at` timestamp NULL DEFAULT NULL
) ENGINE=InnoDB DEFAULT CHARSET=utf8mb4 COLLATE=utf8mb4_unicode_ci;

--
-- Dumping data for table `detail_pemesanan`
--

INSERT INTO `detail_pemesanan` (`id_detailpemesanan`, `id_pemesanan`, `id_produk`, `jumlah`, `subtotal`, `subberat`, `biaya_tambahan`, `created_at`, `updated_at`) VALUES
(62, 37, 14, 1, 100000, 400, 0, NULL, NULL),
(63, 37, 16, 1, 150000, 600, 0, NULL, NULL),
(64, 37, 15, 1, 160000, 600, 10000, NULL, NULL),
(65, 37, 18, 1, 310000, 600, 10000, NULL, NULL),
(67, 37, 17, 1, 157000, 600, 7000, NULL, NULL),
(68, 38, 2, 1, 110000, 300, 10000, NULL, NULL),
(69, 38, 14, 1, 115000, 400, 15000, NULL, NULL),
(70, 38, 15, 1, 160000, 600, 10000, NULL, NULL),
(71, 38, 16, 1, 157000, 600, 7000, NULL, NULL),
(72, 38, 17, 1, 160000, 600, 10000, NULL, NULL),
(73, 38, 18, 1, 312000, 600, 12000, NULL, NULL),
(76, 41, 13, 1, 150000, 400, 0, NULL, NULL),
(77, 42, 2, 1, 100000, 300, 0, NULL, NULL),
(78, 43, 13, 1, 150000, 400, 0, NULL, NULL),
(79, 44, 16, 1, 150000, 600, 0, NULL, NULL);

-- --------------------------------------------------------

--
-- Table structure for table `detail_pengeluaran`
--

CREATE TABLE `detail_pengeluaran` (
  `id_detailpengeluaran` bigint(20) UNSIGNED NOT NULL,
  `id_pengeluaran` bigint(20) UNSIGNED NOT NULL,
  `nama_barang` varchar(255) COLLATE utf8mb4_unicode_ci NOT NULL,
  `satuan` varchar(255) COLLATE utf8mb4_unicode_ci NOT NULL,
  `jumlah` int(11) NOT NULL,
  `harga` int(11) NOT NULL,
  `subtotal` int(11) NOT NULL,
  `created_at` timestamp NULL DEFAULT NULL,
  `updated_at` timestamp NULL DEFAULT NULL
) ENGINE=InnoDB DEFAULT CHARSET=utf8mb4 COLLATE=utf8mb4_unicode_ci;

--
-- Dumping data for table `detail_pengeluaran`
--

INSERT INTO `detail_pengeluaran` (`id_detailpengeluaran`, `id_pengeluaran`, `nama_barang`, `satuan`, `jumlah`, `harga`, `subtotal`, `created_at`, `updated_at`) VALUES
(11, 2, 'Benang Jahit Merah', 'buah', 20, 2000, 40000, NULL, NULL),
(12, 2, 'Benang Jahit Hitam', 'buah', 20, 10000, 200000, NULL, NULL);

-- --------------------------------------------------------

--
-- Table structure for table `failed_jobs`
--

CREATE TABLE `failed_jobs` (
  `id` bigint(20) UNSIGNED NOT NULL,
  `connection` text COLLATE utf8mb4_unicode_ci NOT NULL,
  `queue` text COLLATE utf8mb4_unicode_ci NOT NULL,
  `payload` longtext COLLATE utf8mb4_unicode_ci NOT NULL,
  `exception` longtext COLLATE utf8mb4_unicode_ci NOT NULL,
  `failed_at` timestamp NOT NULL DEFAULT current_timestamp()
) ENGINE=InnoDB DEFAULT CHARSET=utf8mb4 COLLATE=utf8mb4_unicode_ci;

-- --------------------------------------------------------

--
-- Table structure for table `faq`
--

CREATE TABLE `faq` (
  `id_faq` bigint(20) NOT NULL,
  `pertanyaan` varchar(255) NOT NULL,
  `jawaban` varchar(255) NOT NULL
) ENGINE=InnoDB DEFAULT CHARSET=utf8mb4;

--
-- Dumping data for table `faq`
--

INSERT INTO `faq` (`id_faq`, `pertanyaan`, `jawaban`) VALUES
(1, 'Bagaimana cara mengetahui kapan waktu penyelesaian pesanan?', 'Dengan melihat detail pesanan pada menu Pesanan, maka anda dapat melihat perkiraan waktu penyelesaian jahitan serta terus pantau status pemesanan dan website'),
(2, 'Apakah bisa memesan pesanan jahitan dengan bahan sendiri?', 'Mohon maaf untuk saat ini kami belum menerima pesanan dengan bahan dari customer.');

-- --------------------------------------------------------

--
-- Table structure for table `footer`
--

CREATE TABLE `footer` (
  `id_footer` bigint(20) UNSIGNED NOT NULL,
  `nama_toko` varchar(255) COLLATE utf8mb4_unicode_ci NOT NULL,
  `alamat_toko` varchar(255) COLLATE utf8mb4_unicode_ci NOT NULL,
  `nomor_telepon` varchar(255) COLLATE utf8mb4_unicode_ci NOT NULL,
  `email_toko` varchar(255) COLLATE utf8mb4_unicode_ci NOT NULL,
  `tentang` varchar(255) COLLATE utf8mb4_unicode_ci NOT NULL
) ENGINE=InnoDB DEFAULT CHARSET=utf8mb4 COLLATE=utf8mb4_unicode_ci;

--
-- Dumping data for table `footer`
--

INSERT INTO `footer` (`id_footer`, `nama_toko`, `alamat_toko`, `nomor_telepon`, `email_toko`, `tentang`) VALUES
(1, 'San Tailor', 'Jl. Silikat No.50A,  Kec. Blimbing Kota Malang', '082143567898', 'santailor@gmail.com', 'San Tailor merupakan penjahit yang melayani jasa menjahit             pakaian dari kemeja, seragam sekolah, celana, rok, sampai jas,             baik untuk laki-laki maupun perempuan.');

-- --------------------------------------------------------

--
-- Table structure for table `kategori`
--

CREATE TABLE `kategori` (
  `id_kategori` bigint(20) UNSIGNED NOT NULL,
  `nama_kategori` varchar(255) COLLATE utf8mb4_unicode_ci NOT NULL,
  `gambar_ukuran` varchar(255) COLLATE utf8mb4_unicode_ci NOT NULL,
  `created_at` timestamp NULL DEFAULT NULL,
  `updated_at` timestamp NULL DEFAULT NULL
) ENGINE=InnoDB DEFAULT CHARSET=utf8mb4 COLLATE=utf8mb4_unicode_ci;

--
-- Dumping data for table `kategori`
--

INSERT INTO `kategori` (`id_kategori`, `nama_kategori`, `gambar_ukuran`, `created_at`, `updated_at`) VALUES
(1, 'Celana', '20220516001212.png', NULL, NULL),
(2, 'Rok', '20220516001223.png', NULL, NULL),
(3, 'Seragam Pria', '20220624051950.png', NULL, NULL),
(5, 'Kemeja', '20220516002636.png', NULL, NULL),
(6, 'Jas', '20220526031351.png', NULL, NULL),
(7, 'Seragam Perempuan', '20220624052006.png', NULL, NULL);

-- --------------------------------------------------------

--
-- Table structure for table `migrations`
--

CREATE TABLE `migrations` (
  `id` int(10) UNSIGNED NOT NULL,
  `migration` varchar(255) COLLATE utf8mb4_unicode_ci NOT NULL,
  `batch` int(11) NOT NULL
) ENGINE=InnoDB DEFAULT CHARSET=utf8mb4 COLLATE=utf8mb4_unicode_ci;

--
-- Dumping data for table `migrations`
--

INSERT INTO `migrations` (`id`, `migration`, `batch`) VALUES
(1, '2014_10_12_000000_create_users_table', 1),
(2, '2014_10_12_100000_create_password_resets_table', 1),
(3, '2019_08_19_000000_create_failed_jobs_table', 1),
(4, '2022_02_10_030249_create_kategori_table', 1),
(5, '2022_02_11_165352_create_produk_table', 1),
(6, '2022_02_11_165444_relasi_produk_layanankategori', 1),
(7, '2022_04_05_031815_create_pemesanan_table', 1),
(8, '2022_04_05_031933_relasi_pemesanan_pelanggan', 1),
(9, '2022_04_05_032047_create_detail_pemesanan_table', 1),
(10, '2022_04_05_032201_relasi_detailpemesanan_pemesanan', 1),
(11, '2022_04_05_032256_create_pembayaran_table', 1),
(12, '2022_04_05_032343_relasi_pembayaran_pemesanan', 1),
(13, '2022_04_12_105753_create_ukuran_table', 1),
(14, '2022_04_12_110546_relasi_ukuran_pemesanan', 1),
(15, '2022_05_15_002612_create_admins_table', 2),
(16, '2022_05_16_030143_create_pemesanans_table', 3),
(17, '2022_05_16_030836_create_pemesanan_table', 4),
(18, '2022_05_16_030946_create_pembayaran_table', 4),
(19, '2022_05_16_031006_create_detailpemesanan_table', 4),
(20, '2022_05_16_031019_create_ukuran_table', 4),
(21, '2022_05_16_031400_relasi_pelanggan_pemesanan', 5),
(22, '2022_05_16_031416_relasi_pemesanan_detail', 5),
(23, '2022_05_16_031429_relasi_pemesanan_pembayaran', 5),
(24, '2022_05_16_031440_relasi_pemesanan_ukuran', 5),
(25, '2022_05_16_032456_create_ukurans_table', 6),
(26, '2022_05_16_032538_relasi_ukuran_pemesanan', 6),
(27, '2022_05_16_032959_create_ukuran_table', 7),
(28, '2022_05_16_033140_relasi_ukuran_pemesanan', 7),
(29, '2022_05_17_193014_create_ukuran_table', 8),
(30, '2022_05_17_193552_relasi_ukuran_detailpemesanan', 8),
(31, '2022_05_18_130142_relasi_pembayaran_pemesanan', 9),
(32, '2022_05_23_053128_create_testimoni_table', 10),
(33, '2022_05_23_053159_relasi_testimoni', 10),
(34, '2022_06_12_073321_create_provinces_table', 11),
(35, '2022_06_12_073350_create_cities_table', 11),
(36, '2022_06_12_234918_create_couriers_table', 12),
(37, '2022_06_13_114049_create_footers_table', 13),
(38, '2022_06_21_052726_create_pengeluarans_table', 14),
(39, '2022_06_21_053830_create_detail__pengeluarans_table', 14),
(40, '2022_06_21_054331_relasi_pengeluaran_detail', 14),
(41, '2022_06_24_102133_create_beritas_table', 15);

-- --------------------------------------------------------

--
-- Table structure for table `password_resets`
--

CREATE TABLE `password_resets` (
  `email` varchar(255) COLLATE utf8mb4_unicode_ci NOT NULL,
  `token` varchar(255) COLLATE utf8mb4_unicode_ci NOT NULL,
  `created_at` timestamp NULL DEFAULT NULL
) ENGINE=InnoDB DEFAULT CHARSET=utf8mb4 COLLATE=utf8mb4_unicode_ci;

--
-- Dumping data for table `password_resets`
--

INSERT INTO `password_resets` (`email`, `token`, `created_at`) VALUES
('yumin@gmail.com', '$2y$10$uRFPVzf3PuBXIGDU34h3y.h94NVGAnrsgpFPjWc91v9K/WPeATR9e', '2022-06-17 06:30:12');

-- --------------------------------------------------------

--
-- Table structure for table `pembayaran`
--

CREATE TABLE `pembayaran` (
  `id_pembayaran` bigint(20) UNSIGNED NOT NULL,
  `id_pemesanan` bigint(20) UNSIGNED NOT NULL,
  `nama` varchar(255) COLLATE utf8mb4_unicode_ci DEFAULT NULL,
  `bank` varchar(255) COLLATE utf8mb4_unicode_ci DEFAULT NULL,
  `jumlah` int(11) DEFAULT NULL,
  `tanggal_pembayaran` date DEFAULT NULL,
  `bukti` varchar(255) COLLATE utf8mb4_unicode_ci DEFAULT NULL,
  `status_pembayaran` varchar(255) COLLATE utf8mb4_unicode_ci NOT NULL DEFAULT '0',
  `created_at` timestamp NULL DEFAULT NULL,
  `updated_at` timestamp NULL DEFAULT NULL
) ENGINE=InnoDB DEFAULT CHARSET=utf8mb4 COLLATE=utf8mb4_unicode_ci;

--
-- Dumping data for table `pembayaran`
--

INSERT INTO `pembayaran` (`id_pembayaran`, `id_pemesanan`, `nama`, `bank`, `jumlah`, `tanggal_pembayaran`, `bukti`, `status_pembayaran`, `created_at`, `updated_at`) VALUES
(16, 37, 'Yoona', 'BCA', 898000, '2022-06-19', '20220619072142.jpg', 'Lunas', NULL, NULL),
(17, 38, 'neli', 'BCA', 1014000, '2022-06-23', '20220623143513.jpg', 'Lunas', NULL, NULL),
(18, 38, NULL, NULL, NULL, NULL, NULL, 'belum bayar', NULL, NULL),
(21, 41, 'Yoona', 'BCA', 150000, '2022-06-21', '20220621154542.jpg', 'belum dicek', NULL, NULL),
(22, 42, 'Yoona', 'BCA', 120000, '2022-06-23', '20220623143552.jpg', 'belum dicek', NULL, NULL),
(23, 43, 'Alvi', 'bni', 170000, '2022-06-23', '20220623145320.jpg', 'Lunas', NULL, NULL);

-- --------------------------------------------------------

--
-- Table structure for table `pemesanan`
--

CREATE TABLE `pemesanan` (
  `id_pemesanan` bigint(20) UNSIGNED NOT NULL,
  `id_pelanggan` bigint(20) UNSIGNED NOT NULL,
  `tanggal_pemesanan` date NOT NULL,
  `total_pemesanan` int(11) NOT NULL,
  `total_berat` int(11) NOT NULL,
  `alamat_pengiriman` varchar(255) COLLATE utf8mb4_unicode_ci DEFAULT NULL,
  `pilihan_pengiriman` varchar(255) COLLATE utf8mb4_unicode_ci DEFAULT NULL,
  `biaya_ongkir` int(11) DEFAULT NULL,
  `status_pemesanan` varchar(255) COLLATE utf8mb4_unicode_ci NOT NULL DEFAULT '0',
  `tanggal_mulai_jahit` date DEFAULT NULL,
  `tanggal_selesai_jahit` date DEFAULT NULL,
  `ekspedisi` varchar(2000) COLLATE utf8mb4_unicode_ci DEFAULT NULL,
  `no_resi` varchar(2000) COLLATE utf8mb4_unicode_ci DEFAULT NULL,
  `created_at` timestamp NULL DEFAULT NULL,
  `updated_at` timestamp NULL DEFAULT NULL
) ENGINE=InnoDB DEFAULT CHARSET=utf8mb4 COLLATE=utf8mb4_unicode_ci;

--
-- Dumping data for table `pemesanan`
--

INSERT INTO `pemesanan` (`id_pemesanan`, `id_pelanggan`, `tanggal_pemesanan`, `total_pemesanan`, `total_berat`, `alamat_pengiriman`, `pilihan_pengiriman`, `biaya_ongkir`, `status_pemesanan`, `tanggal_mulai_jahit`, `tanggal_selesai_jahit`, `ekspedisi`, `no_resi`, `created_at`, `updated_at`) VALUES
(37, 3, '2022-06-19', 877000, 2800, 'Randubango', 'Dikirim', 21000, 'Pesanan Selesai', '2022-06-23', '2022-06-24', 'JNE', 'JP0987171', NULL, NULL),
(38, 3, '2022-06-19', 1014000, 3100, '', 'Diambil', NULL, 'pesanan masuk', NULL, NULL, NULL, NULL, NULL, NULL),
(41, 3, '2022-06-21', 150000, 400, NULL, 'Diambil', NULL, 'pesanan masuk', NULL, NULL, NULL, NULL, NULL, NULL),
(42, 3, '2022-06-21', 100000, 300, 'jl. mawar', 'Dikirim', 20000, 'pesanan masuk', NULL, NULL, NULL, NULL, NULL, NULL),
(43, 3, '2022-06-23', 150000, 400, 'Jl. Flamboyan No 66', 'Dikirim', 20000, 'Pesanan Diproses', '2022-06-29', '2022-07-06', 'JNE', 'JP09871712', NULL, NULL),
(44, 3, '2022-06-24', 150000, 600, NULL, NULL, NULL, '0', NULL, NULL, NULL, NULL, NULL, NULL);

-- --------------------------------------------------------

--
-- Table structure for table `pengeluaran`
--

CREATE TABLE `pengeluaran` (
  `id_pengeluaran` bigint(20) UNSIGNED NOT NULL,
  `tanggal_pengeluaran` date NOT NULL,
  `total_pengeluaran` int(11) NOT NULL,
  `bukti_nota` varchar(255) COLLATE utf8mb4_unicode_ci NOT NULL,
  `created_at` timestamp NULL DEFAULT NULL,
  `updated_at` timestamp NULL DEFAULT NULL
) ENGINE=InnoDB DEFAULT CHARSET=utf8mb4 COLLATE=utf8mb4_unicode_ci;

--
-- Dumping data for table `pengeluaran`
--

INSERT INTO `pengeluaran` (`id_pengeluaran`, `tanggal_pengeluaran`, `total_pengeluaran`, `bukti_nota`, `created_at`, `updated_at`) VALUES
(2, '2022-06-22', 1500000, '20220622134150.jpg', NULL, NULL),
(3, '2022-06-28', 1000000, '20220628125923.jpg', NULL, NULL);

-- --------------------------------------------------------

--
-- Table structure for table `produk`
--

CREATE TABLE `produk` (
  `id_produk` bigint(20) UNSIGNED NOT NULL,
  `id_kategori` bigint(20) UNSIGNED NOT NULL,
  `nama_produk` varchar(255) COLLATE utf8mb4_unicode_ci NOT NULL,
  `nama_bahan` varchar(2000) COLLATE utf8mb4_unicode_ci NOT NULL,
  `foto_produk` varchar(255) COLLATE utf8mb4_unicode_ci NOT NULL,
  `harga` int(11) NOT NULL,
  `berat_produk` int(11) DEFAULT NULL,
  `detail_produk` varchar(255) COLLATE utf8mb4_unicode_ci NOT NULL
) ENGINE=InnoDB DEFAULT CHARSET=utf8mb4 COLLATE=utf8mb4_unicode_ci;

--
-- Dumping data for table `produk`
--

INSERT INTO `produk` (`id_produk`, `id_kategori`, `nama_produk`, `nama_bahan`, `foto_produk`, `harga`, `berat_produk`, `detail_produk`) VALUES
(2, 1, 'Celana Kain Formal', 'drill', '20220611111244.jpg', 100000, 300, 'Celana berbahan drill, nyaman dipakai dimanapun'),
(12, 1, 'Celana Santai', 'drill', '20220609134006.jpg', 150000, 500, 'celana berbahan drill sangat nyaman untuk aktivitas sehari-hari'),
(13, 1, 'Celana Kain Formal', 'drill', '20220613110622.jpg', 150000, 400, 'celana berbahan drill sangat nyaman untuk kuliah, kerja'),
(14, 2, 'Rok Santai', 'american drill', '20220618110654.jpg', 100000, 400, 'Rok santai'),
(15, 3, 'Fullset Seragam SMP Laki-laki', 'american drill', '20220619051707.jpg', 150000, 600, 'Seragam SMP fullset atasan dan bawahan untuk laki-laki'),
(16, 7, 'Fullset Seragam SD Perempuan', 'american drill', '20220619051803.jpg', 150000, 600, 'Seragam SD fullset atasan dan bawahan rok untuk perempuan'),
(17, 5, 'Kemeja kotak-kotak pria', 'american drill', '20220619051841.jpg', 150000, 600, 'kemeja pria kotak-kotak'),
(18, 6, 'Setelan Jas Formal', 'drill', '20220619051929.jpg', 300000, 600, 'jas untuk acara-acara formal');

-- --------------------------------------------------------

--
-- Table structure for table `provinces`
--

CREATE TABLE `provinces` (
  `id` bigint(20) UNSIGNED NOT NULL,
  `province_id` int(10) UNSIGNED NOT NULL,
  `name` varchar(255) COLLATE utf8mb4_unicode_ci NOT NULL,
  `created_at` timestamp NULL DEFAULT NULL,
  `updated_at` timestamp NULL DEFAULT NULL
) ENGINE=InnoDB DEFAULT CHARSET=utf8mb4 COLLATE=utf8mb4_unicode_ci;

--
-- Dumping data for table `provinces`
--

INSERT INTO `provinces` (`id`, `province_id`, `name`, `created_at`, `updated_at`) VALUES
(1, 1, 'Bali', '2022-06-12 00:35:12', '2022-06-12 00:35:12'),
(2, 2, 'Bangka Belitung', '2022-06-12 00:35:14', '2022-06-12 00:35:14'),
(3, 3, 'Banten', '2022-06-12 00:35:16', '2022-06-12 00:35:16'),
(4, 4, 'Bengkulu', '2022-06-12 00:35:18', '2022-06-12 00:35:18'),
(5, 5, 'DI Yogyakarta', '2022-06-12 00:35:19', '2022-06-12 00:35:19'),
(6, 6, 'DKI Jakarta', '2022-06-12 00:35:22', '2022-06-12 00:35:22'),
(7, 7, 'Gorontalo', '2022-06-12 00:35:25', '2022-06-12 00:35:25'),
(8, 8, 'Jambi', '2022-06-12 00:35:27', '2022-06-12 00:35:27'),
(9, 9, 'Jawa Barat', '2022-06-12 00:35:29', '2022-06-12 00:35:29'),
(10, 10, 'Jawa Tengah', '2022-06-12 00:35:37', '2022-06-12 00:35:37'),
(11, 11, 'Jawa Timur', '2022-06-12 00:35:47', '2022-06-12 00:35:47'),
(12, 12, 'Kalimantan Barat', '2022-06-12 00:35:51', '2022-06-12 00:35:51'),
(13, 13, 'Kalimantan Selatan', '2022-06-12 00:35:54', '2022-06-12 00:35:54'),
(14, 14, 'Kalimantan Tengah', '2022-06-12 00:35:57', '2022-06-12 00:35:57'),
(15, 15, 'Kalimantan Timur', '2022-06-12 00:35:59', '2022-06-12 00:35:59'),
(16, 16, 'Kalimantan Utara', '2022-06-12 00:36:01', '2022-06-12 00:36:01'),
(17, 17, 'Kepulauan Riau', '2022-06-12 00:36:03', '2022-06-12 00:36:03'),
(18, 18, 'Lampung', '2022-06-12 00:36:04', '2022-06-12 00:36:04'),
(19, 19, 'Maluku', '2022-06-12 00:36:07', '2022-06-12 00:36:07'),
(20, 20, 'Maluku Utara', '2022-06-12 00:36:09', '2022-06-12 00:36:09'),
(21, 21, 'Nanggroe Aceh Darussalam (NAD)', '2022-06-12 00:36:10', '2022-06-12 00:36:10'),
(22, 22, 'Nusa Tenggara Barat (NTB)', '2022-06-12 00:36:13', '2022-06-12 00:36:13'),
(23, 23, 'Nusa Tenggara Timur (NTT)', '2022-06-12 00:36:15', '2022-06-12 00:36:15'),
(24, 24, 'Papua', '2022-06-12 00:36:18', '2022-06-12 00:36:18'),
(25, 25, 'Papua Barat', '2022-06-12 00:36:21', '2022-06-12 00:36:21'),
(26, 26, 'Riau', '2022-06-12 00:36:23', '2022-06-12 00:36:23'),
(27, 27, 'Sulawesi Barat', '2022-06-12 00:36:25', '2022-06-12 00:36:25'),
(28, 28, 'Sulawesi Selatan', '2022-06-12 00:36:26', '2022-06-12 00:36:26'),
(29, 29, 'Sulawesi Tengah', '2022-06-12 00:36:29', '2022-06-12 00:36:29'),
(30, 30, 'Sulawesi Tenggara', '2022-06-12 00:36:32', '2022-06-12 00:36:32'),
(31, 31, 'Sulawesi Utara', '2022-06-12 00:36:33', '2022-06-12 00:36:33'),
(32, 32, 'Sumatera Barat', '2022-06-12 00:36:35', '2022-06-12 00:36:35'),
(33, 33, 'Sumatera Selatan', '2022-06-12 00:36:39', '2022-06-12 00:36:39'),
(34, 34, 'Sumatera Utara', '2022-06-12 00:36:41', '2022-06-12 00:36:41');

-- --------------------------------------------------------

--
-- Table structure for table `testimoni`
--

CREATE TABLE `testimoni` (
  `id_testimoni` bigint(20) UNSIGNED NOT NULL,
  `id_pemesanan` bigint(20) UNSIGNED NOT NULL,
  `isi_testimoni` varchar(255) COLLATE utf8mb4_unicode_ci NOT NULL
) ENGINE=InnoDB DEFAULT CHARSET=utf8mb4 COLLATE=utf8mb4_unicode_ci;

--
-- Dumping data for table `testimoni`
--

INSERT INTO `testimoni` (`id_testimoni`, `id_pemesanan`, `isi_testimoni`) VALUES
(10, 37, 'Jahitan cepat dan rapih');

-- --------------------------------------------------------

--
-- Table structure for table `ukuran`
--

CREATE TABLE `ukuran` (
  `id_ukuran` bigint(20) UNSIGNED NOT NULL,
  `id_detailpemesanan` bigint(20) UNSIGNED NOT NULL,
  `catatan` varchar(255) COLLATE utf8mb4_unicode_ci DEFAULT NULL,
  `foto_model` varchar(255) COLLATE utf8mb4_unicode_ci DEFAULT NULL,
  `lebar_bahu` varchar(255) COLLATE utf8mb4_unicode_ci DEFAULT NULL,
  `panjang_tangan` varchar(255) COLLATE utf8mb4_unicode_ci DEFAULT NULL,
  `panjang_baju` varchar(255) COLLATE utf8mb4_unicode_ci DEFAULT NULL,
  `lingkar_dada` varchar(255) COLLATE utf8mb4_unicode_ci DEFAULT NULL,
  `lingkar_lengan` varchar(255) COLLATE utf8mb4_unicode_ci DEFAULT NULL,
  `lingkar_lenganbawah` varchar(255) COLLATE utf8mb4_unicode_ci DEFAULT NULL,
  `lingkar_ketiak` varchar(255) COLLATE utf8mb4_unicode_ci DEFAULT NULL,
  `lingkar_pinggang` varchar(255) COLLATE utf8mb4_unicode_ci DEFAULT NULL,
  `lingkar_keris` varchar(255) COLLATE utf8mb4_unicode_ci DEFAULT NULL,
  `lingkar_panggul` varchar(255) COLLATE utf8mb4_unicode_ci DEFAULT NULL,
  `panjang_celana` varchar(255) COLLATE utf8mb4_unicode_ci DEFAULT NULL,
  `panjang_rok` varchar(255) COLLATE utf8mb4_unicode_ci DEFAULT NULL,
  `lingkar_bawah` varchar(255) COLLATE utf8mb4_unicode_ci DEFAULT NULL,
  `tinggi_duduk` varchar(255) COLLATE utf8mb4_unicode_ci DEFAULT NULL
) ENGINE=InnoDB DEFAULT CHARSET=utf8mb4 COLLATE=utf8mb4_unicode_ci;

--
-- Dumping data for table `ukuran`
--

INSERT INTO `ukuran` (`id_ukuran`, `id_detailpemesanan`, `catatan`, `foto_model`, `lebar_bahu`, `panjang_tangan`, `panjang_baju`, `lingkar_dada`, `lingkar_lengan`, `lingkar_lenganbawah`, `lingkar_ketiak`, `lingkar_pinggang`, `lingkar_keris`, `lingkar_panggul`, `panjang_celana`, `panjang_rok`, `lingkar_bawah`, `tinggi_duduk`) VALUES
(47, 62, NULL, '-', NULL, NULL, NULL, NULL, NULL, NULL, NULL, '22', NULL, '67', NULL, '90', NULL, '77'),
(48, 63, NULL, '-', '50', '50', '60', '50', '34', NULL, '14', '80', NULL, NULL, NULL, '90', NULL, NULL),
(49, 64, NULL, '-', '50', '50', '60', '50', '34', NULL, '15', '75', '22', '67', '104', NULL, NULL, NULL),
(50, 65, NULL, '-', '50', '50', '60', '50', '34', '20', '15', '80', '22', '67', '104', NULL, '20', NULL),
(52, 67, NULL, '-', '50', '50', '60', '50', '34', '20', '15', NULL, NULL, NULL, NULL, NULL, NULL, NULL),
(53, 68, 'tdk ada', '-', NULL, NULL, NULL, NULL, NULL, NULL, NULL, '72', '66', '104', '103', NULL, '48', NULL),
(54, 69, 'tdk ada', '-', NULL, NULL, NULL, NULL, NULL, NULL, NULL, '79', NULL, '103', NULL, '100', NULL, '17'),
(55, 70, 'tdk ada', '-', '50', '61', '74', '60', '56', NULL, '44', '74', '69', '107', '104', NULL, NULL, NULL),
(56, 71, 'tdk ada', '-', '41', '54', '65', '94', '34', NULL, '25', '67', NULL, NULL, NULL, '102', NULL, NULL),
(57, 72, 'tdk ada', '-', '42', '56', '60', '96', '35', '20', '15', NULL, NULL, NULL, NULL, NULL, NULL, NULL),
(58, 73, 'tdk ada', '-', '50', '61', '74', '50', '34', '20', '25', '74', '69', '107', '104', NULL, '20', NULL),
(61, 76, NULL, '-', NULL, NULL, NULL, NULL, NULL, NULL, NULL, '22', '22', '67', '104', NULL, '20', NULL),
(62, 77, NULL, '-', NULL, NULL, NULL, NULL, NULL, NULL, NULL, '75', '22', '102', '104', NULL, '20', NULL),
(63, 78, NULL, '-', NULL, NULL, NULL, NULL, NULL, NULL, NULL, '75', '66', '107', '104', NULL, '48', NULL),
(64, 79, NULL, '-', '50', '50', '74', '50', '34', NULL, '15', '22', NULL, NULL, NULL, '104', NULL, NULL);

-- --------------------------------------------------------

--
-- Table structure for table `users`
--

CREATE TABLE `users` (
  `id` bigint(20) UNSIGNED NOT NULL,
  `name` varchar(255) COLLATE utf8mb4_unicode_ci NOT NULL,
  `email` varchar(255) COLLATE utf8mb4_unicode_ci NOT NULL,
  `alamat` varchar(255) COLLATE utf8mb4_unicode_ci DEFAULT NULL,
  `nomorhp` varchar(255) COLLATE utf8mb4_unicode_ci DEFAULT NULL,
  `email_verified_at` timestamp NULL DEFAULT NULL,
  `password` varchar(255) COLLATE utf8mb4_unicode_ci NOT NULL,
  `level` enum('admin','pemilik','pelanggan') COLLATE utf8mb4_unicode_ci NOT NULL DEFAULT 'pelanggan',
  `remember_token` varchar(100) COLLATE utf8mb4_unicode_ci DEFAULT NULL,
  `created_at` timestamp NULL DEFAULT NULL,
  `updated_at` timestamp NULL DEFAULT NULL
) ENGINE=InnoDB DEFAULT CHARSET=utf8mb4 COLLATE=utf8mb4_unicode_ci;

--
-- Dumping data for table `users`
--

INSERT INTO `users` (`id`, `name`, `email`, `alamat`, `nomorhp`, `email_verified_at`, `password`, `level`, `remember_token`, `created_at`, `updated_at`) VALUES
(2, 'Bapak Pemilik', 'pemilik@gmail.com', 'Mojokerto', '1111111', NULL, '$2y$10$xECrKP3klR/g6RUQkGs2sOpMk9N5gdUzcNiJpPMJk/inCCCpccWKe', 'pemilik', NULL, '2022-05-05 19:43:09', '2022-06-15 22:10:26'),
(3, 'Neli Alvio', 'neli123@gmail.com', 'surabaya', '0000000', NULL, '$2y$10$3vKmWYuilsQc8iW55vt2o.4.9Gg0oLpKtyMrNyPXaP8vdBkgo8Jja', 'pelanggan', NULL, '2022-05-14 08:15:27', '2022-06-23 07:48:38'),
(4, 'Sehun', 'sehun@gmail.com', 'jkt', '111111', NULL, '$2y$10$r5l63xgWrfLwRehOT.FbyeHm6AHz4EiaQmztAYYLa1Z8ttWwWXkW6', 'pelanggan', NULL, '2022-05-14 08:21:56', '2022-05-14 08:21:56'),
(5, 'sella', 'sella@gmail.com', 'jakarta', '082166666', NULL, '$2y$10$6WilU/O6jgepUHhB8yXEbOxu7j2Qbt5Z6btZ9boHgiHAaeHnh1I4C', 'pelanggan', NULL, '2022-05-14 21:40:33', '2022-05-14 21:40:33'),
(7, 'Neli Alvionita', 'admin@gmail.com', NULL, NULL, NULL, '$2y$10$mMYaJ/oUxeyjUMwsXnaMg.MTLI.H6Cj6O91G/8VTxB6XSRXxGzm0G', 'admin', NULL, '2022-05-18 23:29:13', '2022-05-18 23:29:13'),
(8, 'Admin', 'admin1@gmail.com', NULL, NULL, NULL, '$2y$10$1sLnIFFdvoXzMFXHzhX3tOmUadfrY6/EhS.qMLLDdr0/1V/4NaMGO', 'admin', NULL, '2022-05-25 20:16:28', '2022-06-02 05:25:11'),
(9, 'Neli Alvionita', 'neli@gmail.com', 'mjk', '08214377777', NULL, '$2y$10$DLITIU1I50dx6Jdc/fU/9eWZSaE2hu8oEKACS.6xX7xbCN20nPITC', 'pelanggan', NULL, '2022-05-31 05:08:28', '2022-05-31 05:08:28'),
(10, 'Kim Kai', 'kai@gmail.com', 'Mojosari', '082143711909', NULL, '$2y$10$Acso.BFbQaNqn/TH5YPT7uUVn9oRZB.uXA/P/lfI.3QJEs1NCoe.6', 'pelanggan', NULL, '2022-06-15 01:09:19', '2022-06-15 01:09:19');

--
-- Indexes for dumped tables
--

--
-- Indexes for table `bahan`
--
ALTER TABLE `bahan`
  ADD PRIMARY KEY (`id_bahan`);

--
-- Indexes for table `berita`
--
ALTER TABLE `berita`
  ADD PRIMARY KEY (`id_berita`);

--
-- Indexes for table `cities`
--
ALTER TABLE `cities`
  ADD PRIMARY KEY (`id`);

--
-- Indexes for table `detail_pemesanan`
--
ALTER TABLE `detail_pemesanan`
  ADD PRIMARY KEY (`id_detailpemesanan`),
  ADD KEY `detail_pemesanan_id_pemesanan_foreign` (`id_pemesanan`),
  ADD KEY `detail_pemesanan_id_produk_foreign` (`id_produk`);

--
-- Indexes for table `detail_pengeluaran`
--
ALTER TABLE `detail_pengeluaran`
  ADD PRIMARY KEY (`id_detailpengeluaran`),
  ADD KEY `detail_pengeluaran_id_pengeluaran_foreign` (`id_pengeluaran`);

--
-- Indexes for table `failed_jobs`
--
ALTER TABLE `failed_jobs`
  ADD PRIMARY KEY (`id`);

--
-- Indexes for table `faq`
--
ALTER TABLE `faq`
  ADD PRIMARY KEY (`id_faq`);

--
-- Indexes for table `footer`
--
ALTER TABLE `footer`
  ADD PRIMARY KEY (`id_footer`);

--
-- Indexes for table `kategori`
--
ALTER TABLE `kategori`
  ADD PRIMARY KEY (`id_kategori`);

--
-- Indexes for table `migrations`
--
ALTER TABLE `migrations`
  ADD PRIMARY KEY (`id`);

--
-- Indexes for table `password_resets`
--
ALTER TABLE `password_resets`
  ADD KEY `password_resets_email_index` (`email`);

--
-- Indexes for table `pembayaran`
--
ALTER TABLE `pembayaran`
  ADD PRIMARY KEY (`id_pembayaran`),
  ADD KEY `pembayaran_id_pemesanan_foreign` (`id_pemesanan`);

--
-- Indexes for table `pemesanan`
--
ALTER TABLE `pemesanan`
  ADD PRIMARY KEY (`id_pemesanan`),
  ADD KEY `pemesanan_id_pelanggan_foreign` (`id_pelanggan`);

--
-- Indexes for table `pengeluaran`
--
ALTER TABLE `pengeluaran`
  ADD PRIMARY KEY (`id_pengeluaran`);

--
-- Indexes for table `produk`
--
ALTER TABLE `produk`
  ADD PRIMARY KEY (`id_produk`),
  ADD KEY `produk_id_kategori_foreign` (`id_kategori`);

--
-- Indexes for table `provinces`
--
ALTER TABLE `provinces`
  ADD PRIMARY KEY (`id`);

--
-- Indexes for table `testimoni`
--
ALTER TABLE `testimoni`
  ADD PRIMARY KEY (`id_testimoni`),
  ADD KEY `testimoni_id_pemesanan_foreign` (`id_pemesanan`);

--
-- Indexes for table `ukuran`
--
ALTER TABLE `ukuran`
  ADD PRIMARY KEY (`id_ukuran`),
  ADD KEY `ukuran_id_detailpemesanan_foreign` (`id_detailpemesanan`);

--
-- Indexes for table `users`
--
ALTER TABLE `users`
  ADD PRIMARY KEY (`id`),
  ADD UNIQUE KEY `users_email_unique` (`email`);

--
-- AUTO_INCREMENT for dumped tables
--

--
-- AUTO_INCREMENT for table `bahan`
--
ALTER TABLE `bahan`
  MODIFY `id_bahan` bigint(20) NOT NULL AUTO_INCREMENT, AUTO_INCREMENT=9;

--
-- AUTO_INCREMENT for table `berita`
--
ALTER TABLE `berita`
  MODIFY `id_berita` bigint(20) UNSIGNED NOT NULL AUTO_INCREMENT, AUTO_INCREMENT=7;

--
-- AUTO_INCREMENT for table `cities`
--
ALTER TABLE `cities`
  MODIFY `id` bigint(20) UNSIGNED NOT NULL AUTO_INCREMENT, AUTO_INCREMENT=502;

--
-- AUTO_INCREMENT for table `detail_pemesanan`
--
ALTER TABLE `detail_pemesanan`
  MODIFY `id_detailpemesanan` bigint(20) UNSIGNED NOT NULL AUTO_INCREMENT, AUTO_INCREMENT=80;

--
-- AUTO_INCREMENT for table `detail_pengeluaran`
--
ALTER TABLE `detail_pengeluaran`
  MODIFY `id_detailpengeluaran` bigint(20) UNSIGNED NOT NULL AUTO_INCREMENT, AUTO_INCREMENT=17;

--
-- AUTO_INCREMENT for table `failed_jobs`
--
ALTER TABLE `failed_jobs`
  MODIFY `id` bigint(20) UNSIGNED NOT NULL AUTO_INCREMENT;

--
-- AUTO_INCREMENT for table `faq`
--
ALTER TABLE `faq`
  MODIFY `id_faq` bigint(20) NOT NULL AUTO_INCREMENT, AUTO_INCREMENT=3;

--
-- AUTO_INCREMENT for table `footer`
--
ALTER TABLE `footer`
  MODIFY `id_footer` bigint(20) UNSIGNED NOT NULL AUTO_INCREMENT, AUTO_INCREMENT=2;

--
-- AUTO_INCREMENT for table `kategori`
--
ALTER TABLE `kategori`
  MODIFY `id_kategori` bigint(20) UNSIGNED NOT NULL AUTO_INCREMENT, AUTO_INCREMENT=9;

--
-- AUTO_INCREMENT for table `migrations`
--
ALTER TABLE `migrations`
  MODIFY `id` int(10) UNSIGNED NOT NULL AUTO_INCREMENT, AUTO_INCREMENT=42;

--
-- AUTO_INCREMENT for table `pembayaran`
--
ALTER TABLE `pembayaran`
  MODIFY `id_pembayaran` bigint(20) UNSIGNED NOT NULL AUTO_INCREMENT, AUTO_INCREMENT=24;

--
-- AUTO_INCREMENT for table `pemesanan`
--
ALTER TABLE `pemesanan`
  MODIFY `id_pemesanan` bigint(20) UNSIGNED NOT NULL AUTO_INCREMENT, AUTO_INCREMENT=45;

--
-- AUTO_INCREMENT for table `pengeluaran`
--
ALTER TABLE `pengeluaran`
  MODIFY `id_pengeluaran` bigint(20) UNSIGNED NOT NULL AUTO_INCREMENT, AUTO_INCREMENT=4;

--
-- AUTO_INCREMENT for table `produk`
--
ALTER TABLE `produk`
  MODIFY `id_produk` bigint(20) UNSIGNED NOT NULL AUTO_INCREMENT, AUTO_INCREMENT=20;

--
-- AUTO_INCREMENT for table `provinces`
--
ALTER TABLE `provinces`
  MODIFY `id` bigint(20) UNSIGNED NOT NULL AUTO_INCREMENT, AUTO_INCREMENT=35;

--
-- AUTO_INCREMENT for table `testimoni`
--
ALTER TABLE `testimoni`
  MODIFY `id_testimoni` bigint(20) UNSIGNED NOT NULL AUTO_INCREMENT, AUTO_INCREMENT=11;

--
-- AUTO_INCREMENT for table `ukuran`
--
ALTER TABLE `ukuran`
  MODIFY `id_ukuran` bigint(20) UNSIGNED NOT NULL AUTO_INCREMENT, AUTO_INCREMENT=65;

--
-- AUTO_INCREMENT for table `users`
--
ALTER TABLE `users`
  MODIFY `id` bigint(20) UNSIGNED NOT NULL AUTO_INCREMENT, AUTO_INCREMENT=12;

--
-- Constraints for dumped tables
--

--
-- Constraints for table `detail_pemesanan`
--
ALTER TABLE `detail_pemesanan`
  ADD CONSTRAINT `detail_pemesanan_id_pemesanan_foreign` FOREIGN KEY (`id_pemesanan`) REFERENCES `pemesanan` (`id_pemesanan`),
  ADD CONSTRAINT `detail_pemesanan_id_produk_foreign` FOREIGN KEY (`id_produk`) REFERENCES `produk` (`id_produk`);

--
-- Constraints for table `detail_pengeluaran`
--
ALTER TABLE `detail_pengeluaran`
  ADD CONSTRAINT `detail_pengeluaran_id_pengeluaran_foreign` FOREIGN KEY (`id_pengeluaran`) REFERENCES `pengeluaran` (`id_pengeluaran`);

--
-- Constraints for table `pembayaran`
--
ALTER TABLE `pembayaran`
  ADD CONSTRAINT `pembayaran_id_pemesanan_foreign` FOREIGN KEY (`id_pemesanan`) REFERENCES `pemesanan` (`id_pemesanan`);

--
-- Constraints for table `pemesanan`
--
ALTER TABLE `pemesanan`
  ADD CONSTRAINT `pemesanan_id_pelanggan_foreign` FOREIGN KEY (`id_pelanggan`) REFERENCES `users` (`id`);

--
-- Constraints for table `produk`
--
ALTER TABLE `produk`
  ADD CONSTRAINT `produk_id_kategori_foreign` FOREIGN KEY (`id_kategori`) REFERENCES `kategori` (`id_kategori`);

--
-- Constraints for table `testimoni`
--
ALTER TABLE `testimoni`
  ADD CONSTRAINT `testimoni_id_pemesanan_foreign` FOREIGN KEY (`id_pemesanan`) REFERENCES `pemesanan` (`id_pemesanan`);

--
-- Constraints for table `ukuran`
--
ALTER TABLE `ukuran`
  ADD CONSTRAINT `ukuran_id_detailpemesanan_foreign` FOREIGN KEY (`id_detailpemesanan`) REFERENCES `detail_pemesanan` (`id_detailpemesanan`);
COMMIT;

/*!40101 SET CHARACTER_SET_CLIENT=@OLD_CHARACTER_SET_CLIENT */;
/*!40101 SET CHARACTER_SET_RESULTS=@OLD_CHARACTER_SET_RESULTS */;
/*!40101 SET COLLATION_CONNECTION=@OLD_COLLATION_CONNECTION */;
